source_code,source_label_eng,source_label_kor,target_code,target_label_eng,target_label_kor,reason,raw_count
D000364,Iomeprol,이오메프롤,D000718,Metformin,메트포르민,기능적신부전에의해유산산성증촉진,20
D000718,Metformin,메트포르민,D000760,Iobitridol,이오비트리돌,기능적신부전에의해유산산성증촉진,20
D000718,Metformin,메트포르민,D000761,Iopromide,이오프로마이드,기능적신부전에의해유산산성증촉진,20
D000219,Rosuvastatin,로수바스타틴,D000334,Cyclosporine,사이클로스포린,혈중농도상승및근육병증/횡문근융해증위험성증가 / 근육통|근육약화|근염|때때로횡문근변성을포함한근육독성촉진가능,20
D000669,Iohexol,이오헥솔,D000718,Metformin,메트포르민,기능적신부전에의해유산산성증촉진,19
D000165,Ioversol,이오베르솔,D000718,Metformin,메트포르민,급성신부전 / 기능적신부전에의해유산산성증촉진,19
D000219,Rosuvastatin,로수바스타틴,D000619,FusidicAcid,푸시딘산,횡문근융해증을포함한근육관련이상반응보고 / 횡문근융해증을포함한근육관련이상반응보 / 횡문근융해증|근무력증|동통발생가능,19
D000219,Rosuvastatin,로수바스타틴,D001072,Ledipasvir,레디파스비르,횡문근융해증을포함한근육병증위험증가가능,19
D000267,Iopamidol,이오파미돌,D000718,Metformin,메트포르민,급성신부전 / 기능적신부전에의해유산산성증촉진,18
D000032,IodisedOil,아이오다이즈드오일,D000718,Metformin,메트포르민,기능적신부전에의해유산산성증촉진,17
D000718,Metformin,메트포르민,D000831,Iodixanol,이오딕사놀,기능적신부전에의해유산산성증촉진,17
D000150,Atazanavir,아타자나비르,D000153,Esomeprazole,에스오메프라졸,아타자나비르의혈중농도감소,10
D000455,Atorvastatin,아토르바스타틴,D000619,FusidicAcid,푸시딘산,횡문근융해와같은중증의근육이상보고,9
D000455,Atorvastatin,아토르바스타틴,D001362,Glecaprevir,글레카프레비르,횡문근융해증을비롯한근육질환등중증이상반응 / 횡문근융해증을포함한근육병증위험가능,9
D000455,Atorvastatin,아토르바스타틴,D000762,Itraconazole,이트라코나졸,근육병증 / 근육병증|횡문근융해위험증가가능 / 근육병증|횡문근융해증|간효소이상발생위험증가,9
D000334,Cyclosporine,사이클로스포린,D000455,Atorvastatin,아토르바스타틴,혈중농도상승및근육병증/횡문근융해증위험성증가 / 근육병증|횡문근융해위험증가가능 / 근육통|근육약화|근염|때때로횡문근변성을포함한근육독성촉진가능 / 근육병증|횡문근융해위험증가능,9
D000027,Simvastatin,심바스타틴,D000673,Cobicistat,코비시스타트,Simvastatin혈중농도증가|횡문근융해를비롯한근육병증 / 횡문근융해를포함한근육병증위험가능 / 근병증의위험증가가능 / 횡문근융해를포함한근육병과같은중대한반응가능 / 근육병증과같은이상사례초래가능,9
D000455,Atorvastatin,아토르바스타틴,D000769,Ketoconazole,케토코나졸,근육병증 / 근질환위험증가 / 근육병증|횡문근융해위험증가가능,8
D000405,Posaconazole,포사코나졸,D000455,Atorvastatin,아토르바스타틴,횡문근융해를비롯한근육병증발생가능성증가 / 근육병증|횡문근융해위험증가가능 / 횡문근융해증발생가능,8
D000314,Rifampicin,리팜피신,D001563,Doravirine,도라비린,-Doravirine의혈장농도가감소하여Doravirine의치료효과가줄어들수있음 / -Doravirine의혈장농도가유의하게감소하여약효가떨어질수있음,8
D000749,Ethinylestradiol,에티닐에스트라디올,D001174,Ombitasvir,옴비타스비르,ALT수치가정상치상한기준보다20배이상높게나타나는데영향이있음 / ALT수치상승이정상최고치(ULN)대비5배이상나오는빈도가유의적으로높게나타남 / ALT수치상승이정상치상한기준보다20배이상높게나타나는데영향이있음,6
D000749,Ethinylestradiol,에티닐에스트라디올,D001362,Glecaprevir,글레카프레비르,-ALT상승위험증가,5
D000268,IoxaglicAcid,이옥사글린산,D000718,Metformin,메트포르민,급성신부전 / 기능적신부전에의해유산산성증촉진,5
D000615,Lamivudine,라미부딘,D001419,Bictegravir,빅테그라비르,라미부딘이엠트리시타빈의세포내인산화를저해할수도있음|동일한역전사효소유전자(M184V)변이를통해바이러스내성기전이일어나므로|병용시치료효과가제한적일수있음 / 라미부딘이엠트리시타빈의세포내인산화를저해할수도있음|동일한역전사효소유전자(M184V)변이를통해바이러스내성기전이일어나므로병용시치료효과가제한적일수있음,5
D000314,Rifampicin,리팜피신,D001699,Neratinib,네라티닙,-강력한CYP3A4유도제와의병용으로Neratinib의혈중농도감소 / -중등도CYP3A/P-gp억제제와의병용으로Neratinib의혈중농도증가,5
D000150,Atazanavir,아타자나비르,D000469,Omeprazole,오메프라졸,아타자나비어효과감소및내성발현 / 아타자나비르의혈중농도감소,4
D000150,Atazanavir,아타자나비르,D000204,Rabeprazole,라베프라졸,아타자나비르의혈중농도감소,4
D000334,Cyclosporine,사이클로스포린,D000518,Pitavastatin,피타바스타틴,혈중농도상승및근육병증/횡문근융해증위험성증가 / 근육통|근육약화|근염|때때로횡문근변성을포함한근육독성촉진가능 / 신기능악화를수반하는횡문근융해증발현가능,4
D000153,Esomeprazole,에스오메프라졸,D000225,Rilpivirine,릴피비린,위장pH의증가로릴피비린의흡수가저하되어릴피비린의치료효과감소,4
D000161,Irinotecan,이리노테칸,D000314,Rifampicin,리팜피신,-이리노테칸활성대사물(SN-38)의혈중농도가저하되어작용감소,4
D000518,Pitavastatin,피타바스타틴,D000619,FusidicAcid,푸시딘산,횡문근융해증|근무력증|동통발생가능 / 신기능악화를수반하는횡문근융해증발현가능 / 횡문근융해증을포함한근육관련이상반응보고,4
D000314,Rifampicin,리팜피신,D001701,Acalabrutinib,아칼라브루티닙,-강력한CYP3A유도제와의병용으로Acalabrutinib의혈중농도감소,4
D000314,Rifampicin,리팜피신,D000328,Bedaquiline,베다퀼린,-Bedaquiline의혈중농도와치료효과감소,4
D000314,Rifampicin,리팜피신,D001419,Bictegravir,빅테그라비르,-Bictegravir의혈중농도감소로인해치료효과소실및내성발현야기가능,4
D000314,Rifampicin,리팜피신,D001606,Brigatinib,브리가티닙,-Brigatinib의혈장농도를감소시킬수있음,4
D000314,Rifampicin,리팜피신,D001585,Cabozantinib,카보잔티닙,-Cabozantinib의혈장노출감소,4
D000314,Rifampicin,리팜피신,D001076,Ceritinib,세리티닙,-Ceritinib의혈장농도감소,4
D000314,Rifampicin,리팜피신,D001588,Entrectinib,엔트렉티닙,-Entrectinib의전신노출감소,4
D000314,Rifampicin,리팜피신,D001589,Gilteritinib,길테리티닙,-Gilteritinib의혈장농도감소,4
D000314,Rifampicin,리팜피신,D001590,Ibrutinib,이브루티닙,-Ibrutinib의혈중농도감소,4
D000314,Rifampicin,리팜피신,D001612,Isavuconazonium,이사부코나조늄,-Isavuconazonium의혈장농도를유의미하게감소시킬수있음,4
D000314,Rifampicin,리팜피신,D001711,Ixazomib,익사조밉,-Ixazomib의효과감소,4
D000314,Rifampicin,리팜피신,D001594,Midostaurin,미도스타우린,-Midostaurin과활성대사체의혈중농도감소,4
D000314,Rifampicin,리팜피신,D001598,Ponatinib,포나티닙,-Ponatinib의노출감소,4
D000314,Rifampicin,리팜피신,D001818,Praziquantel,프라지콴텔,-Praziquantel의치료적유효혈중농도에도달하지못할수있음,4
D000314,Rifampicin,리팜피신,D001562,Ranolazine,라놀라진,-Ranolazine의효과부족이발생될것으로예상됨,4
D000314,Rifampicin,리팜피신,D001418,Ribociclib,리보시클립,-강력한CYP3A유도제(Rifampicin)와의병용투여는건강한시험대상자에서Ribociclib의혈장노출을89%까지감소시킴,4
D000314,Rifampicin,리팜피신,D000679,Tamoxifen,타목시펜,-Tamoxifen의혈장농도를낮춤,4
D000314,Rifampicin,리팜피신,D001609,Venetoclax,베네토클락스,-강력한CYP3A유도제인Rifampicin과병용투여시Venetoclax의Cmax및AUC∞는각각42%및71%까지감소함,4
D000150,Atazanavir,아타자나비르,D000699,Lansoprazole,란소프라졸,아타자나비르의혈중농도감소,3
D000673,Cobicistat,코비시스타트,D001743,Finerenone,피네레논,Finerenone혈중농도의현저한증가가예상됨.,3
D000113,Haloperidol,할로페리돌,D000302,Levodopa,레보도파,Levodopa의치료효과감소,3
D000419,Lovastatin,로바스타틴,D000673,Cobicistat,코비시스타트,Lovastatin혈중농도증가|횡문근융해를비롯한근육병증 / 근육병증과같은이상사례초래가능 / 횡문근융해를포함한근육병과같은중대한반응가능,3
D000314,Rifampicin,리팜피신,D001650,Nirmatrelvir,니르마트렐비르,-바이러스반응의손실및내성발현의잠재적인가능성,3
D000027,Simvastatin,심바스타틴,D000334,Cyclosporine,사이클로스포린,혈중농도상승및근육병증/횡문근융해증위험성증가 / 근병증|횡문근융해위험성증가가능 / 근육통|근육약화|근염|때때로횡문근변성을포함한근육독성촉진가능,3
D000027,Simvastatin,심바스타틴,D001362,Glecaprevir,글레카프레비르,횡문근융해증을비롯한근육질환등중증이상반응 / 근병증의위험증가가능,3
D000027,Simvastatin,심바스타틴,D001650,Nirmatrelvir,니르마트렐비르,-횡문근융해증을포함하는근육병증의잠재적인가능성,3
D000259,Amiodarone,아미오다론,D001071,Sofosbuvir,소포스부비르,-중대한증상성서맥이나타날수있음.병용이필요한경우심장모니터링이권장됨,2
D000150,Atazanavir,아타자나비르,D000386,Pantoprazole,판토프라졸,아타자나비르의혈중농도감소,2
D000150,Atazanavir,아타자나비르,D000751,S-Pantoprazole,에스판토프라졸,아타자나비르의혈중농도감소,2
D000476,Carbamazepine,카르바마제핀,D001563,Doravirine,도라비린,-Doravirine의혈장농도가유의하게감소하여약효가떨어질수있음 / -Doravirine의혈장농도가감소하여Doravirine의치료효과가줄어들수있음,2
D000673,Cobicistat,코비시스타트,D001590,Ibrutinib,이브루티닙,-Ibrutinib의혈중농도감소,2
D000026,Cyproheptadine,시프로헵타딘,D000698,Rasagiline,라사길린,MAO저해제의효과를증가시킬수있음,2
D000026,Cyproheptadine,시프로헵타딘,D000139,SelegilineHydrochloride,셀레길린염산염,MAO저해제의효과를증가시킬수있음,2
D001079,Enzalutamide,엔잘루타마이드,D001563,Doravirine,도라비린,-Doravirine의혈장농도가유의하게감소하여약효가떨어질수있음 / -Doravirine의혈장농도가감소하여Doravirine의치료효과가줄어들수있음,2
D000699,Lansoprazole,란소프라졸,D001699,Neratinib,네라티닙,-위산억제제와의병용으로Neratinib의혈중농도감소,2
D000302,Levodopa,레보도파,D000425,Metoclopramide,메토클로프라미드,레보도파의효과감소,2
D000426,Metronidazole,메트로니다졸,D000719,Mizolastine,미졸라스틴,심실부정맥(Torsadedepointes) / mizolastine의혈중농도상승,2
D000953,Mitotane,미토테인,D001563,Doravirine,도라비린,-Doravirine의혈장농도가유의하게감소하여약효가떨어질수있음 / -Doravirine의혈장농도가감소하여Doravirine의치료효과가줄어들수있음,2
D000429,Moclobemide,모클로베미드,D000448,Pseudoephedrine,슈도에페드린,교감신경흥분제의작용증강또는연장 / 고혈압|빈맥유발,2
D001650,Nirmatrelvir,니르마트렐비르,D001781,Salmeterol,살메테롤,-QT연장|심계항진|동성빈맥(sinustachycardia)을포함하여살메테롤과관련된심혈관부작용의위험을증가시킬수있음,2
D000263,Oxcarbazepine,옥스카르바제핀,D001563,Doravirine,도라비린,-Doravirine의혈장농도가감소하여Doravirine의치료효과가줄어들수있음 / -Doravirine의혈장농도가유의하게감소하여약효가떨어질수있음,2
D000282,Phenobarbital,페노바르비탈,D001563,Doravirine,도라비린,-Doravirine의혈장농도가감소하여Doravirine의치료효과가줄어들수있음 / -Doravirine의혈장농도가유의하게감소하여약효가떨어질수있음,2
D000595,Phenytoin,페니토인,D001563,Doravirine,도라비린,-Doravirine의혈장농도가감소하여Doravirine의치료효과가줄어들수있음 / -Doravirine의혈장농도가유의하게감소하여약효가떨어질수있음,2
D000305,Pravastatin,프라바스타틴,D000619,FusidicAcid,푸시딘산,횡문근융해증|근무력증|동통발생가 / 횡문근융해증을포함한근육관련이상반응보고,2
D000314,Rifampicin,리팜피신,D001071,Sofosbuvir,소포스부비르,-Sofosbuvir|Velpatasvir및/또는Voxilaprevir의혈중농도를감소시켜치료효과를감소시킬가능성이있음 / -Sofosbuvir및/또는Velpatasvir의혈중농도를감소시켜치료효과를감소시킬가능성이있음,2
D000225,Rilpivirine,릴피비린,D001367,Tegoprazan,테고프라잔,위장pH의증가로rilpivirine의흡수가저하되어rilpivirine의치료효과감소,2
D000246,Sildenafil,실데나필,D001650,Nirmatrelvir,니르마트렐비르,-Sildenafil의혈중농도를증가시킬수있음-시각이상|저혈압|발기시간지연및실신을포함한Sildenafil관련이상반응의가능성 / -Sildenafil관련이상반응(시각이상|저혈압|발기시간지연및실신포함)의가능성,2
D000027,Simvastatin,심바스타틴,D000150,Atazanavir,아타자나비르,횡문근융해증을비롯한근육질환등중증이상반응 / 횡문근융해증을비롯한근육질한위험성증가가능,2
D000027,Simvastatin,심바스타틴,D000373,Clarithromycin,클래리트로마이신,근병증|횡문근융해의위험증가 / 횡문근융해증보고,2
D000027,Simvastatin,심바스타틴,D000395,Darunavir,다루나비르,근병증/횡문근융해 / 횡문근융해를포함한근질환의위험가능,2
D000027,Simvastatin,심바스타틴,D000762,Itraconazole,이트라코나졸,횡문근융해증 / 근병증의위험증가가능,2
D000027,Simvastatin,심바스타틴,D000769,Ketoconazole,케토코나졸,근병증|횡문근융해의위험증가 / 근병증의위험증가가능,2
D000027,Simvastatin,심바스타틴,D000626,Lopinavir,로피나비르,횡문근융해증을비롯한근육질환등중증이상반응 / 횡문근융해를포함한근육병증위험가능,2
D000027,Simvastatin,심바스타틴,D000405,Posaconazole,포사코나졸,근병증및횡문근융해 / 횡문근융해증발생가능,2
D000027,Simvastatin,심바스타틴,D000712,Ritonavir,리토나비르,횡문근융해증을비롯한근육질환등중증이상반응 / 횡문근융해를포함한근육병증위험가능,2
D000447,St.JohnsWort,세인트존스워트,D001563,Doravirine,도라비린,-Doravirine의혈장농도가유의하게감소하여약효가떨어질수있음 / -Doravirine의혈장농도가감소하여Doravirine의치료효과가줄어들수있음,2
D000447,St.JohnsWort,세인트존스워트,D001650,Nirmatrelvir,니르마트렐비르,-바이러스반응의손실및내성발현의잠재적인가능성,2
D000650,Sumatriptan,수마트립탄,D000747,Ergotamine,에르고타민,혈압상승및맥각독성(말초혈관수축증가)위험 / 상가적인혈관경련,2
D000481,Tafluprost,타플루프로스트,D001407,Omidenepagisopropyl,오미데네팍이소프로필,중등도이상의눈부심|홍채염등의안염증이유발될우려가있음,2
D000592,Triazolam,트리아졸람,D000712,Ritonavir,리토나비르,진정작용의연장또는증가|호흡저하,2
D000146,Abiraterone,아비라테론,D001314,Radium223dichloride,라듐-223염화물,골절및사망률증가,1
D000031,Acemetacin,아세메타신,D000298,Diflunisal,디플루니살,중증의위장관계이상반응,1
D000031,Acemetacin,아세메타신,D000274,Ketorolac,케토롤락,중증의위장관계이상반응,1
D000019,Acitretin,아시트레틴,D000820,Alitretinoin,알리트레티노인,-비타민A과다증,1
D000019,Acitretin,아시트레틴,D000503,Doxycycline,독시사이클린,두개내압증가,1
D000019,Acitretin,아시트레틴,D000758,Isotretinoin,이소트레티노인,-비타민A과다증,1
D000019,Acitretin,아시트레틴,D000158,Methacycline,메타사이클린,두개내고혈압,1
D000019,Acitretin,아시트레틴,D000716,Methotrexate,메토트렉세이트,간독성,1
D000019,Acitretin,아시트레틴,D000127,Minocycline,미노사이클린,두개내압증가,1
D000019,Acitretin,아시트레틴,D000754,Oxytetracycline,옥시테트라사이클린,두개내압증가,1
D000019,Acitretin,아시트레틴,D000064,Tetracycline,테트라사이클린,두개내압증가,1
D000019,Acitretin,아시트레틴,D000182,Tigecycline,타이제사이클린,-두개내압상승위험,1
D000019,Acitretin,아시트레틴,D000488,Tretinoin,트레티노인,-비타민A과다증,1
D000028,Adefovirdipivoxil,아데포비어디피복실,D001419,Bictegravir,빅테그라비르,양쪽약물모두혈장농도상승가능,1
D000028,Adefovirdipivoxil,아데포비어디피복실,D001563,Doravirine,도라비린,뉴클레오시드유사체단독투여또는다른항레트로바이러스제를병용투여했을때치명적인사례를포함한유산산증과지방증을동반한중증간비대가보고됨,1
D000028,Adefovirdipivoxil,아데포비어디피복실,D000665,Emtricitabine,엠트리시타빈,양쪽약물모두혈장농도상승가능,1
D000658,Alendronate,알렌드론산,D001552,Burosumab,부로수맙,-고인산혈증발생가능,1
D000151,Alfacalcidol,알파칼시돌,D001552,Burosumab,부로수맙,-고인산혈증발생가능,1
D000151,Alfacalcidol,알파칼시돌,D000175,Calcifediol,칼시페디올,고칼슘혈증,1
D000875,Alfentanil,알펜타닐,D001697,Lorlatinib,롤라티닙,Alfentanil의혈중농도가감소될수있음.,1
D001030,Alfuzosin,알푸조신,D001650,Nirmatrelvir,니르마트렐비르,-저혈압의가능성,1
D000745,Almotriptan,알모트립탄,D000747,Ergotamine,에르고타민,상가적인혈관수축반응|혈압상승,1
D000660,Alprazolam,알프라졸람,D000762,Itraconazole,이트라코나졸,alprazolam의혈장농도증가|수면및진정작용증강및연장,1
D000660,Alprazolam,알프라졸람,D000769,Ketoconazole,케토코나졸,alprazolam의혈장농도증가|수면및진정작용증강및연장,1
D001261,Alteplase,알테플라제,D001561,Defibrotide,데피브로타이드,출혈위험증가,1
D000255,Altretamine,알트레타민,D000413,Pyridoxine,피리독신,피리독신은신경독성을현저하게감소시켰으나반응기간에는역효과|알트레타민의치료효과감소,1
D000343,Amantadine,아만타딘,D000584,Chlorpromazine,클로르프로마진,항콜린작용증가,1
D000343,Amantadine,아만타딘,D000719,Mizolastine,미졸라스틴,QT간격연장,1
D000343,Amantadine,아만타딘,D000781,Perphenazine,페르페나진,amantadine의효과저해,1
D000159,Amiloride,아미로라이드,D000565,PotassiumChloride,염화칼륨,고칼륨혈증,1
D000159,Amiloride,아미로라이드,D000279,Tacrolimus,타크로리무스,고칼륨혈증,1
D000029,AminocaproicAcid,아미노카프론산,D000777,Thrombin,트롬빈,혈전형성,1
D000259,Amiodarone,아미오다론,D001821,Agalsidaseα,아갈시다제알파,Amiodarone은세포내알파-갈락토시다제활성을저해할가능성있음,1
D000259,Amiodarone,아미오다론,D000673,Cobicistat,코비시스타트,Amiodarone혈중농도증가,1
D000259,Amiodarone,아미오다론,D000319,Dolasetron,돌라세트론,Torsadedepointes위험증가,1
D000259,Amiodarone,아미오다론,D000417,Hydroxychloroquine,히드록시클로로퀸,심실성부정맥|서맥|심장전도장애를포함한심장부정맥위험성증가,1
D000259,Amiodarone,아미오다론,D000362,Imipramine,이미프라민,Torsadedepointes위험증가,1
D000259,Amiodarone,아미오다론,D000763,Indinavir,인디나빌,부정맥|혈액장애|경련등,1
D000259,Amiodarone,아미오다론,D000719,Mizolastine,미졸라스틴,QT연장|심실성부정맥,1
D000259,Amiodarone,아미오다론,D001650,Nirmatrelvir,니르마트렐비르,-심장부정맥의가능성,1
D000259,Amiodarone,아미오다론,D000466,Nortriptyline,노르트립틸린,Torsadedepointes위험증가,1
D000259,Amiodarone,아미오다론,D000513,Pentamidin,펜타미딘,심실부정맥(Torsadedepointes)위험증가,1
D000259,Amiodarone,아미오다론,D001418,Ribociclib,리보시클립,-QT간격연장을유발할수있음,1
D000259,Amiodarone,아미오다론,D000712,Ritonavir,리토나비르,부정맥|혈액장애|발작등중대한이상반응,1
D000030,Amisulpride,아미설프리드,D000259,Amiodarone,아미오다론,심실성부정맥(특히torsadesdepointes),1
D000030,Amisulpride,아미설프리드,D000541,Bromocriptine,브로모크립틴,길항작용,1
D000030,Amisulpride,아미설프리드,D000513,Pentamidin,펜타미딘,심실성부정맥(특히torsadesdepointes)위험증가,1
D000030,Amisulpride,아미설프리드,D000620,Pramipexole,프라미펙솔,길항작용,1
D000248,Amoxapine,아목사핀,D000251,Articaine,아티카인,리듬장애를수반한발작성고혈압,1
D000144,Anastrozole,아나스트로졸,D000664,Estrogens,에스트로겐,anastrozole의약리작용감소,1
D000144,Anastrozole,아나스트로졸,D000679,Tamoxifen,타목시펜,anastrozole의혈장농도감소,1
D000452,Aspirin,아스피린,D000716,Methotrexate,메토트렉세이트,혈액학적독성,1
D000150,Atazanavir,아타자나비르,D000695,Dexlansoprazole,덱스란소프라졸,아타자나비르의혈중농도감소,1
D000150,Atazanavir,아타자나비르,D000202,Dihydroergotamine,디히드로에르고타민,맥각독성(말초혈관경련|사지와기타조직의허혈|감각이상등)위험증가,1
D000150,Atazanavir,아타자나비르,D001171,Elbasvir,엘바스비르,그라조프레비르의혈장농도가유의하게증가하여ALT상승위험증가가능,1
D000150,Atazanavir,아타자나비르,D000747,Ergotamine,에르고타민,맥각독성(말초혈관경련|사지와기타조직의허혈|감각이상등)위험증가,1
D000150,Atazanavir,아타자나비르,D000350,Ezetimibe,에제티미브,근증/횡문근변성의위험성이증가,1
D000150,Atazanavir,아타자나비르,D001648,Fexuprazan,펙수프라잔,-위내pH증가로인한Atazanavir의생체이용률감소,1
D000150,Atazanavir,아타자나비르,D001362,Glecaprevir,글레카프레비르,Glecaprevir의혈장농도가유의하게증가하여ALT상승위험증가가능,1
D000150,Atazanavir,아타자나비르,D000168,Ilaprazole,일라프라졸,아타자나비르의혈중농도감,1
D000150,Atazanavir,아타자나비르,D000161,Irinotecan,이리노테칸,골수기능억제|설사등부작용증강,1
D000150,Atazanavir,아타자나비르,D000419,Lovastatin,로바스타틴,횡문근융해증을비롯한근육질환등중증이상반응,1
D000150,Atazanavir,아타자나비르,D000228,Methylergometrine,메틸에르고메트린,맥각독성(말초혈관경련|사지와기타조직의허혈|감각이상등)위험증가,1
D000150,Atazanavir,아타자나비르,D000213,Pimozide,피모짓,QT연장|심실성빈맥|심실세동및torsadesdepointes등심독성위험증가,1
D000150,Atazanavir,아타자나비르,D000301,Revaprazan,레바프라잔,아타자나비르의혈중농도감소,1
D000150,Atazanavir,아타자나비르,D001367,Tegoprazan,테고프라잔,위장pH의증가로atazanavir의흡수가저하되어atazanavir의치료효과감소,1
D000737,Avanafil,아바나필,D001723,isosorbidedinitrate,이소소르비드이질산염,혈압강하작용증가,1
D000737,Avanafil,아바나필,D001722,isosorbidemononitrate,이소소르비드일질산염,혈압강하작용증가,1
D000250,Azathioprine,아자티오프린,D001003,Tofacitinib,토파시티닙,면역억제효과증가,1
D000742,Azithromycin,아지트로마이신,D000747,Ergotamine,에르고타민,맥각독성(혈관경련|말단및기타조직허혈등)위험증가,1
D000328,Bedaquiline,베다퀼린,D001081,Rifabutin,리파부틴,-Bedaquiline의혈중농도와치료효과감소,1
D000020,Blonanserin,블로난세린,D000673,Cobicistat,코비시스타트,Blonanserin혈중농도증가,1
D000020,Blonanserin,블로난세린,D000626,Lopinavir,로피나비르,Blonanserin농도의증가로신경학적또는기타의독성가능성증가,1
D000015,Bosentan,보센탄,D000690,Glibenclamide,글리벤클라미드,간독성및간효소치상승,1
D000015,Bosentan,보센탄,D001650,Nirmatrelvir,니르마트렐비르,-Bosentan의혈중농도를증가시키고|Nirmatrelvir+Ritonavir의혈중농도를감소시킬수있음,1
D000015,Bosentan,보센탄,D000279,Tacrolimus,타크로리무스,보센탄의혈중농도증가,1
D000015,Bosentan,보센탄,D001609,Venetoclax,베네토클락스,-CYP3A유도제와의병용은Venetoclax의노출을감소시켜결과적으로효능부족을초래할수있음,1
D000541,Bromocriptine,브로모크립틴,D000755,Octreotide,옥트레오티드,bromocriptinemesylate혈중농도상승,1
D000541,Bromocriptine,브로모크립틴,D000778,Thiothixene,티오틱센,bromocryptine의효과저해,1
D000238,Bromperidol,브롬페리돌,D000343,Amantadine,아만타딘,항콜린작용증가,1
D000238,Bromperidol,브롬페리돌,D000541,Bromocriptine,브로모크립틴,지발성운동장애촉진|bromocryptine의작용감약,1
D000238,Bromperidol,브롬페리돌,D000560,Epinephrine,에피네프린,혈압강하,1
D000018,BupropionHydrochloride,부프로피온염산염,D000505,Diethylpropion,디에틸프로피온,판막심장병위험,1
D000018,BupropionHydrochloride,부프로피온염산염,D001063,Lorcaserin,로카세린,안전성및유효성미확립,1
D000018,BupropionHydrochloride,부프로피온염산염,D000714,Mazindol,마진돌,폐동맥고혈압위험증가,1
D000018,BupropionHydrochloride,부프로피온염산염,D000701,Phendimetrazinetartrate,펜디메트라진타르타르산염,판막심장병위험,1
D000018,BupropionHydrochloride,부프로피온염산염,D000795,Phentermine,펜터민,판막심장병위험,1
D000018,BupropionHydrochloride,부프로피온염산염,D000139,SelegilineHydrochloride,셀레길린염산염,bupropion의급성독성증가,1
D001552,Burosumab,부로수맙,D001817,Monobasicsodiumphosphate,인산수소나트륨무수물,-고인산혈증발생가능,1
D000175,Calcifediol,칼시페디올,D000581,Calcitriol,칼시트리올,고칼슘혈증,1
D000581,Calcitriol,칼시트리올,D001552,Burosumab,부로수맙,-고인산혈증발생가능,1
D000494,CalciumGluconate,글루콘산칼슘,D001820,Digoxin,디곡신,-Digoxin작용증강으로인한디기탈리스중독(서맥|심실성기외수축|방실블록등)위험증가,1
D001819,Calciumchloride,염화칼슘,D001820,Digoxin,디곡신,-Digoxin작용증강으로인한디기탈리스중독(서맥|심실성기외수축|방실블록등)위험증가,1
D000476,Carbamazepine,카르바마제핀,D001701,Acalabrutinib,아칼라브루티닙,-강력한CYP3A유도제와의병용으로Acalabrutinib의혈중농도감소,1
D000476,Carbamazepine,카르바마제핀,D001606,Brigatinib,브리가티닙,-Brigatinib의혈장농도를감소시킬수있음,1
D000476,Carbamazepine,카르바마제핀,D001748,Cabotegravir,카보테그라비르,Cabotegravir의혈중농도를감소시켜치료효과를감소시킬수있음.,1
D000476,Carbamazepine,카르바마제핀,D001585,Cabozantinib,카보잔티닙,-Cabozantinib의혈장노출감소,1
D000476,Carbamazepine,카르바마제핀,D001076,Ceritinib,세리티닙,-Ceritinib혈장농도감소,1
D000476,Carbamazepine,카르바마제핀,D000673,Cobicistat,코비시스타트,Cobicistat및Elvitegravir의혈중농도감소로치료효과소실및내성발현가능,1
D000476,Carbamazepine,카르바마제핀,D001323,Delamanid,델라마니드,-Delamanid의혈중농도감소,1
D000476,Carbamazepine,카르바마제핀,D001171,Elbasvir,엘바스비르,엘바스비르와그라조프레비르의혈장농도가유의하게감소하여이약의바이러스학적반응감소가능,1
D000476,Carbamazepine,카르바마제핀,D001743,Finerenone,피네레논,Finerenone혈중농도의현저한감소및치료효과감소가예상됨.,1
D000476,Carbamazepine,카르바마제핀,D001362,Glecaprevir,글레카프레비르,Glecaprevir와Pibrentasvir의혈장농도가유의하게감소하여이약의바이러스학적반응감소가능,1
D000476,Carbamazepine,카르바마제핀,D001590,Ibrutinib,이브루티닙,-Ibrutinib의혈중농도감소,1
D000476,Carbamazepine,카르바마제핀,D001612,Isavuconazonium,이사부코나조늄,-Isavuconazonium의혈장농도를유의미하게감소시킬수있음,1
D000476,Carbamazepine,카르바마제핀,D001711,Ixazomib,익사조밉,-Ixazomib의효과감소,1
D000476,Carbamazepine,카르바마제핀,D001697,Lorlatinib,롤라티닙,Lorlatinib의혈중농도를감소시킬수있음.,1
D000476,Carbamazepine,카르바마제핀,D001763,Lurasidone,루라시돈,-Lurasidone의노출을감소시킬수있음,1
D000476,Carbamazepine,카르바마제핀,D001594,Midostaurin,미도스타우린,-Midostaurin과활성대사체의혈중농도감소,1
D000476,Carbamazepine,카르바마제핀,D001650,Nirmatrelvir,니르마트렐비르,-바이러스반응의손실및내성발현의잠재적인가능성,1
D000476,Carbamazepine,카르바마제핀,D001598,Ponatinib,포나티닙,-Ponatinib의노출감소,1
D000476,Carbamazepine,카르바마제핀,D001562,Ranolazine,라놀라진,-Ranolazine의효과부족이발생될것으로예상됨,1
D000476,Carbamazepine,카르바마제핀,D001418,Ribociclib,리보시클립,-강력한CYP3A유도제와의병용투여는Ribociclib의혈장노출을감소시킬수있음,1
D000476,Carbamazepine,카르바마제핀,D001609,Venetoclax,베네토클락스,-CYP3A유도제와의병용은Venetoclax의노출을감소시켜결과적으로효능부족을초래할수있음,1
D000476,Carbamazepine,카르바마제핀,D001703,Zanubrutinib,자누브루티닙,-Zanubrutinib의혈중농도를감소시켜유효성을감소시킬수있음,1
D000476,Carbamazepine,카르바마제핀,D001149,palbociclib,팔보시클립,팔보시클립의혈장농도증가,1
D000138,Celecoxib,세레콕시브,D000274,Ketorolac,케토롤락,중증의위장관계이상반응,1
D001076,Ceritinib,세리티닙,D001820,Digoxin,디곡신,-심장박동수와혈압을정기적으로모니터링할것,1
D001076,Ceritinib,세리티닙,D001081,Rifabutin,리파부틴,-Ceritinib의혈장농도감소,1
D000276,Chlorprothixene,클로르프로틱센,D000560,Epinephrine,에피네프린,혈압강하,1
D000142,Ciprofloxacin,시프로플록사신,D000696,Dexketoprofen,덱스케토프로펜,경련발생,1
D000142,Ciprofloxacin,시프로플록사신,D000672,Ketoprofen,케토프로펜,경련,1
D000142,Ciprofloxacin,시프로플록사신,D000187,Tizanidine,티자니딘,저혈압에의해졸음|현기증및정신운동능력감소,1
D000332,Citalopram,시탈로프람,D000429,Moclobemide,모클로베미드,세로토닌성증후군(고혈압|고열|간대성근경련|정신상태변화등),1
D000373,Clarithromycin,클래리트로마이신,D001701,Acalabrutinib,아칼라브루티닙,-강력한CYP3A/P-gp억제제와의병용으로Acalabrutinib의혈중농도증가,1
D000373,Clarithromycin,클래리트로마이신,D000582,Colchicine,콜키신,콜키신에대한노출증가가능,1
D000373,Clarithromycin,클래리트로마이신,D000747,Ergotamine,에르고타민,맥각독성(혈관경련|말단및기타조직허혈),1
D000373,Clarithromycin,클래리트로마이신,D001743,Finerenone,피네레논,Finerenone혈중농도의현저한증가가예상됨,1
D000373,Clarithromycin,클래리트로마이신,D001590,Ibrutinib,이브루티닙,-Ibrutinib의혈중농도감소,1
D000373,Clarithromycin,클래리트로마이신,D001763,Lurasidone,루라시돈,-Lurasidone의노출을증가시킬수있음,1
D000373,Clarithromycin,클래리트로마이신,D000719,Mizolastine,미졸라스틴,심실부정맥(Torsadedepointes),1
D000373,Clarithromycin,클래리트로마이신,D001562,Ranolazine,라놀라진,-Ranolazine의효과부족이발생될것으로예상됨,1
D000373,Clarithromycin,클래리트로마이신,D001418,Ribociclib,리보시클립,-QT간격연장을유발할수있음,1
D000373,Clarithromycin,클래리트로마이신,D001149,palbociclib,팔보시클립,팔보시클립의혈장농도증가,1
D000477,Clenbuterol,클렌부테롤,D000560,Epinephrine,에피네프린,부정맥또는심정지,1
D000277,Clomipramine,클로미프라민,D000429,Moclobemide,모클로베미드,근독성|간질|세로토닌성증후군(고혈압|고열|간대성근경련|정신상태변화등),1
D000277,Clomipramine,클로미프라민,D001091,Oxymetazoline,옥시메타졸린,고혈압초래가능혈관수축작용으로혈압상승가능,1
D000277,Clomipramine,클로미프라민,D000650,Sumatriptan,수마트립탄,세로토닌증후군,1
D000055,Clonidine,클로니딘,D001076,Ceritinib,세리티닙,-심장박동수와혈압을정기적으로모니터링할것,1
D000988,Clopidogrel,클로피도그렐,D001650,Nirmatrelvir,니르마트렐비르,-Clopidogrel활성대사체의농도를감소시킬수있음,1
D000673,Cobicistat,코비시스타트,D001030,Alfuzosin,알푸조신,Alfuzosin혈중농도증가,1
D000673,Cobicistat,코비시스타트,D000747,Ergotamine,에르고타민,Ergotamine혈중농도증가|말초혈관연축또는국소빈혈,1
D000673,Cobicistat,코비시스타트,D001081,Rifabutin,리파부틴,Cobicistat및Elvitegravir의혈중농도감소로치료효과소실및내성발현가능,1
D000582,Colchicine,콜키신,D001650,Nirmatrelvir,니르마트렐비르,-신장및/또는간장애가있는환자에서중대한및/또는생명을위협하는반응의가능성,1
D000334,Cyclosporine,사이클로스포린,D001075,Asunaprevir,아수나프레비르,아수나프레비르에대한바이러스반응의소실을유발가능,1
D000334,Cyclosporine,사이클로스포린,D001606,Brigatinib,브리가티닙,-Brigatinib에의해Cyclosporine의유효성이감소될수있음,1
D000334,Cyclosporine,사이클로스포린,D001542,D-Mannitol,D-만니톨,-신부전위험증가,1
D000334,Cyclosporine,사이클로스포린,D001171,Elbasvir,엘바스비르,그라조프레비르의혈장농도가유의하게증가하여ALT상승위험증가가능,1
D000334,Cyclosporine,사이클로스포린,D001755,Filgotinib,필고티닙,면역억제효과증가,1
D000334,Cyclosporine,사이클로스포린,D001697,Lorlatinib,롤라티닙,Cyclosporine의혈중농도가감소될수있음.,1
D000334,Cyclosporine,사이클로스포린,D000419,Lovastatin,로바스타틴,혈중농도상승및근육병증/횡문근융해증위험성증가,1
D000334,Cyclosporine,사이클로스포린,D001650,Nirmatrelvir,니르마트렐비르,-Cyclosporine의혈중농도를증가시킬수있음-중대한이상반응초래할수있음,1
D000334,Cyclosporine,사이클로스포린,D001003,Tofacitinib,토파시티닙,면역억제효과증가,1
D000396,Dabigatranetexilate,다비가트란에텍실레이트,D000595,Phenytoin,페니토인,다비가트란의혈중농도증가,1
D000084,Dapoxetine,다폭세틴,D000762,Itraconazole,이트라코나졸,Dapoxetine의혈중농도증가|Itraconazole투여중및종료후2주간해당성분투여금기,1
D000084,Dapoxetine,다폭세틴,D000139,SelegilineHydrochloride,셀레길린염산염,세로토닌성증후군(고혈압|고열|간대성근경련|정신상태변화등),1
D000084,Dapoxetine,다폭세틴,D000650,Sumatriptan,수마트립탄,세로토닌성증후군(고혈압|고열|간대성근경련|정신상태변화등),1
D000395,Darunavir,다루나비르,D001171,Elbasvir,엘바스비르,그라조프레비르의혈장농도가유의하게증가하여ALT상승위험증가가능,1
D000395,Darunavir,다루나비르,D000747,Ergotamine,에르고타민,맥각독성(혈관경련|말단및기타조직허혈등)위험증가,1
D000395,Darunavir,다루나비르,D000419,Lovastatin,로바스타틴,횡문근융해증/근육병증및이에수반되는급격한신기능악화,1
D000316,Dexbrompheniramine,덱스브롬페니라민,D000698,Rasagiline,라사길린,고혈압|빈맥유발,1
D000086,Dexibuprofen,덱시부프로펜,D000274,Ketorolac,케토롤락,중증의위장관계이상반응,1
D000696,Dexketoprofen,덱스케토프로펜,D000716,Methotrexate,메토트렉세이트,신세뇨관에서Methotrexate배설이지연되어Methotrexate의혈액학적독성증가,1
D000200,Dextromethorphan,덱스트로메토르판,D000429,Moclobemide,모클로베미드,경련|반사항진|이상고열|혼수등,1
D000200,Dextromethorphan,덱스트로메토르판,D001604,Safinamide,사피나미드,-정신병또는기괴한행동등의유발보고됨,1
D000506,Diclofenac,디클로페낙,D000716,Methotrexate,메토트렉세이트,-신세뇨관에서Methotrexate배설이지연되어Methotrexate혈액학적독성증가,1
D000505,Diethylpropion,디에틸프로피온,D001063,Lorcaserin,로카세린,판막심장병위험,1
D000505,Diethylpropion,디에틸프로피온,D000714,Mazindol,마진돌,판막심장병위험,1
D000505,Diethylpropion,디에틸프로피온,D000701,Phendimetrazinetartrate,펜디메트라진타르타르산염,판막심장병위험,1
D000298,Diflunisal,디플루니살,D000575,Indometacin,인도메타신,중증의위장관계이상반응,1
D000202,Dihydroergotamine,디히드로에르고타민,D000745,Almotriptan,알모트립탄,혈압상승및맥각독성(혈관경련|말단및기타조직허혈),1
D000202,Dihydroergotamine,디히드로에르고타민,D000742,Azithromycin,아지트로마이신,맥각독성(혈관경련|말단및기타조직허혈등)위험증가,1
D000202,Dihydroergotamine,디히드로에르고타민,D000373,Clarithromycin,클래리트로마이신,맥각독성(혈관경련|말단및기타조직허혈),1
D000202,Dihydroergotamine,디히드로에르고타민,D000673,Cobicistat,코비시스타트,Dihydroergotamine혈중농도증가|말초혈관연축또는국소빈혈,1
D000202,Dihydroergotamine,디히드로에르고타민,D000395,Darunavir,다루나비르,사지및기타조직의말초혈관경련및허혈로나타나는급성맥각중독과같은중대한그리고/또는생명을위협하는반응,1
D000202,Dihydroergotamine,디히드로에르고타민,D000558,Efavirenz,에파비렌즈,맥각독성(말초혈관경련|사지와기타조직의허혈|감각이상등)위험증가,1
D000202,Dihydroergotamine,디히드로에르고타민,D000747,Ergotamine,에르고타민,맥각독성(혈관경련|말단및기타조직허혈등)위험증가,1
D000202,Dihydroergotamine,디히드로에르고타민,D000256,Erythromycin,에리트로마이신,맥각독성(말초혈관경련|사지와기타조직의허혈|감각이상등)위험증가,1
D000202,Dihydroergotamine,디히드로에르고타민,D000517,Fluconazole,플루코나졸,맥각독성(혈관경련|말단및기타조직허혈),1
D000202,Dihydroergotamine,디히드로에르고타민,D000407,Frovatriptan,프로바트립탄,혈압상승및맥각독성(말초혈관수축증가)의위험성증가,1
D000202,Dihydroergotamine,디히드로에르고타민,D000763,Indinavir,인디나빌,맥각독성(말초혈관경련|사지와기타조직의허혈|감각이상등)위험증가,1
D000202,Dihydroergotamine,디히드로에르고타민,D000762,Itraconazole,이트라코나졸,맥각독성(말초혈관경련|사지와기타조직의허혈|감각이상등)위험증가,1
D000202,Dihydroergotamine,디히드로에르고타민,D000626,Lopinavir,로피나비르,맥각독성(혈관경련|말단및기타조직허혈등)위험증가,1
D000202,Dihydroergotamine,디히드로에르고타민,D000322,Midecamycin,미데카마이신,맥각독성(혈관경련|말단및기타조직허혈등)위험증가,1
D000202,Dihydroergotamine,디히드로에르고타민,D000405,Posaconazole,포사코나졸,맥각독성(혈관경련|말단및기타조직허혈등)위험증가,1
D000202,Dihydroergotamine,디히드로에르고타민,D000712,Ritonavir,리토나비르,맥각독성(말초혈관경련|사지와기타조직의허혈|감각이상등)위험증가,1
D000202,Dihydroergotamine,디히드로에르고타민,D000628,Roxithromycin,록시트로마이신,맥각독성(혈관경련|말단및기타조직허혈)위험증가,1
D000202,Dihydroergotamine,디히드로에르고타민,D000650,Sumatriptan,수마트립탄,혈압상승및에르고티즘(말초혈관수축증가|경련|사지허혈)위험증가,1
D000202,Dihydroergotamine,디히드로에르고타민,D000443,Voriconazole,보리코나졸,맥각독성(말초혈관경련|사지와기타조직의허혈|감각이상등)위험증가,1
D000091,Dipyridamole,디피리다몰,D000716,Methotrexate,메토트렉세이트,메토트렉세이트의혈액학적독성증가,1
D000297,Domperidone,돔페리돈,D000584,Chlorpromazine,클로르프로마진,QTc연장효과증대로심각한위험(TorsadedePointes|심각한심실성부정맥포함)가능성,1
D000297,Domperidone,돔페리돈,D000517,Fluconazole,플루코나졸,QTc연장효과증대로심각한위험(TorsadedePointes|심각한심실성부정맥포함)가능성,1
D000503,Doxycycline,독시사이클린,D000820,Alitretinoin,알리트레티노인,-양성두개내압상승(가성뇌종양)보고,1
D000503,Doxycycline,독시사이클린,D000758,Isotretinoin,이소트레티노인,두개내고혈압,1
D000201,Dronedarone,드로네다론,D000343,Amantadine,아만타딘,QT간격연장,1
D000201,Dronedarone,드로네다론,D000259,Amiodarone,아미오다론,Torsadedepointes위험증가,1
D000201,Dronedarone,드로네다론,D000809,Amitriptyline,아미트리프틸린,Torsadedepointes위험증가,1
D000201,Dronedarone,드로네다론,D000476,Carbamazepine,카르바마제핀,Dronedarone노출량감소,1
D000201,Dronedarone,드로네다론,D000373,Clarithromycin,클래리트로마이신,Dronedarone노출량증가,1
D000201,Dronedarone,드로네다론,D000334,Cyclosporine,사이클로스포린,Dronedarone노출량증가,1
D000201,Dronedarone,드로네다론,D000319,Dolasetron,돌라세트론,Torsadedepointes위험증가,1
D000201,Dronedarone,드로네다론,D000256,Erythromycin,에리트로마이신,QT간격을연장시키고염전성심실빈맥발생위험을높일수있음,1
D000201,Dronedarone,드로네다론,D000212,FlecainideAcetate,플레카이니드아세테이트,QT간격을연장시키고염전성심실빈맥발생위험을높일수있음,1
D000201,Dronedarone,드로네다론,D000362,Imipramine,이미프라민,Torsadedepointes위험증가,1
D000201,Dronedarone,드로네다론,D000762,Itraconazole,이트라코나졸,Dronedarone의혈중농도증가|TdP를포함하는중대한심실성부정맥같은Dronedarone관련약물이상반응발생위험이증가.Itraconazole투여중및종료후2주간해당성분투여금기,1
D000201,Dronedarone,드로네다론,D000769,Ketoconazole,케토코나졸,Dronedarone노출량증가,1
D000201,Dronedarone,드로네다론,D001650,Nirmatrelvir,니르마트렐비르,-심장부정맥의가능성,1
D000201,Dronedarone,드로네다론,D000466,Nortriptyline,노르트립틸린,Torsadedepointes위험증가,1
D000201,Dronedarone,드로네다론,D000282,Phenobarbital,페노바르비탈,Dronedarone노출량감소,1
D000201,Dronedarone,드로네다론,D000595,Phenytoin,페니토인,Dronedarone노출량감소,1
D000201,Dronedarone,드로네다론,D000213,Pimozide,피모짓,QT간격연장,1
D000201,Dronedarone,드로네다론,D000515,Propafenone,프로파페논,QT간격을연장시키고염전성심실빈맥발생위험을높일수있음,1
D000201,Dronedarone,드로네다론,D000314,Rifampicin,리팜피신,Dronedarone노출량감소,1
D000201,Dronedarone,드로네다론,D000712,Ritonavir,리토나비르,Dronedarone노출량증가,1
D000201,Dronedarone,드로네다론,D000447,St.JohnsWort,세인트존스워트,Dronedarone노출량감소,1
D000201,Dronedarone,드로네다론,D000443,Voriconazole,보리코나졸,Dronedarone노출량증가,1
D001469,EdetateCalciumDisodium(CalciumEDTA),에데트산칼슘나트륨,D001560,Zinchistidine,히스티딘아연,-아연흡수를저해하거나배출을증가시킴,1
D000558,Efavirenz,에파비렌즈,D001171,Elbasvir,엘바스비르,엘바스비르와그라조프레비르의혈장농도가유의하게감소하여이약의바이러스학적반응감소가능,1
D000558,Efavirenz,에파비렌즈,D000747,Ergotamine,에르고타민,맥각독성(혈관경련|말단및기타조직허혈등)위험증가,1
D001079,Enzalutamide,엔잘루타마이드,D001697,Lorlatinib,롤라티닙,Lorlatinib의혈중농도를감소시킬수있음.,1
D001079,Enzalutamide,엔잘루타마이드,D001594,Midostaurin,미도스타우린,-Midostaurin과활성대사체의혈중농도감소,1
D001079,Enzalutamide,엔잘루타마이드,D001650,Nirmatrelvir,니르마트렐비르,-바이러스반응의손실및내성발현의잠재적인가능성,1
D000155,Ephedrine,에페드린,D000560,Epinephrine,에피네프린,부정맥또는심정지유도,1
D000155,Ephedrine,에페드린,D000429,Moclobemide,모클로베미드,고혈압|빈맥유발,1
D000560,Epinephrine,에피네프린,D000584,Chlorpromazine,클로르프로마진,혈압강하,1
D000560,Epinephrine,에피네프린,D000759,Isoproterenol,이소프로테레놀,부정맥또는심정지유도,1
D000560,Epinephrine,에피네프린,D000781,Perphenazine,페르페나진,혈압강하효과,1
D000560,Epinephrine,에피네프린,D000753,Trifluoperazine,트리플루오페라진,혈압강하,1
D000747,Ergotamine,에르고타민,D000763,Indinavir,인디나빌,맥각독성(말초혈관경련|사지와기타조직의허혈|감각이상등)위험증가,1
D000747,Ergotamine,에르고타민,D000762,Itraconazole,이트라코나졸,맥각독성(말초혈관경련|사지와기타조직의허혈|감각이상등)위험증가,1
D000747,Ergotamine,에르고타민,D001364,Letermovir,레테르모비르,맥각독성(혈관경련|말단및기타조직허혈등)위험증가,1
D000747,Ergotamine,에르고타민,D001650,Nirmatrelvir,니르마트렐비르,-기타조직의혈관경련및허혈을특징으로하는급성맥각독성의잠재적인가능성(사지및중추신경계포함),1
D000256,Erythromycin,에리트로마이신,D000259,Amiodarone,아미오다론,심실부정맥(Torsadedepointes)위험증가,1
D000256,Erythromycin,에리트로마이신,D000770,Chloramphenicol,클로람페니콜,병용을하여도항균작용이증가되지않음,1
D000256,Erythromycin,에리트로마이신,D000678,Clindamycin,클린다마이신,병용을하여도항균작용이증가되지않음,1
D000256,Erythromycin,에리트로마이신,D000747,Ergotamine,에르고타민,맥각독성(혈관경련|말단및기타조직허혈),1
D000256,Erythromycin,에리트로마이신,D000350,Ezetimibe,에제티미브,근증/횡문근변성의위험성이증가,1
D000256,Erythromycin,에리트로마이신,D000517,Fluconazole,플루코나졸,QT연장|Torsadedepointes위험성증가,1
D000256,Erythromycin,에리트로마이신,D000414,Hydrochlorothiazide,히드로클로로티아지드,심실성빈맥(Torsadedepointes),1
D000256,Erythromycin,에리트로마이신,D000713,Lincomycin,린코마이신,병용을하여도항균작용이증가되지않음,1
D000256,Erythromycin,에리트로마이신,D000419,Lovastatin,로바스타틴,횡문근융해증/근육병증및이에수반되는급격한신기능악화,1
D000256,Erythromycin,에리트로마이신,D000719,Mizolastine,미졸라스틴,QT연장등,1
D000035,Escitalopram,에스시탈로프람,D000113,Haloperidol,할로페리돌,QT간격연장위험증가,1
D000035,Escitalopram,에스시탈로프람,D000114,Hydroxyzine,히드록시진,심부정맥위험증가가능,1
D000035,Escitalopram,에스시탈로프람,D000213,Pimozide,피모짓,QT간격연장,1
D000153,Esomeprazole,에스오메프라졸,D000665,Emtricitabine,엠트리시타빈,위장pH의증가로릴피비린의흡수가저하되어릴피비린의치료효과감소,1
D000036,Etravirine,에트라비린,D001609,Venetoclax,베네토클락스,-CYP3A유도제와의병용은Venetoclax의노출을감소시켜결과적으로효능부족을초래할수있음,1
D000461,Everolimus,에베로리무스,D001650,Nirmatrelvir,니르마트렐비르,-Everolimus의혈중농도를증가시킬수있음,1
D000350,Ezetimibe,에제티미브,D000395,Darunavir,다루나비르,근증/횡문근변성의위험성이증가,1
D000350,Ezetimibe,에제티미브,D000763,Indinavir,인디나빌,근증/횡문근변성의위험성이증가,1
D000350,Ezetimibe,에제티미브,D000769,Ketoconazole,케토코나졸,근증/횡문근변성의위험성이증가,1
D000404,Felodipine,펠로디핀,D000762,Itraconazole,이트라코나졸,Felodipine의혈중농도증가|저혈압및말초부종같은약물이상반응발생위험이증가.Itraconazole투여중및종료후2주간해당성분투여금기,1
D000071,Fenoprofen,페노프로펜,D000274,Ketorolac,케토롤락,중증의위장관계이상반응,1
D000070,Fenoterol,페노테롤,D000560,Epinephrine,에피네프린,부정맥또는심정지유도,1
D000070,Fenoterol,페노테롤,D000082,Norepinephrine,노르에피네프린,부정맥또는심정지,1
D000097,Fentanyl,펜타닐,D001697,Lorlatinib,롤라티닙,Fentanyl의혈중농도가감소될수있음.,1
D000212,FlecainideAcetate,플레카이니드아세테이트,D000719,Mizolastine,미졸라스틴,심실성부정맥,1
D000212,FlecainideAcetate,플레카이니드아세테이트,D001650,Nirmatrelvir,니르마트렐비르,-심장부정맥의가능성,1
D000212,FlecainideAcetate,플레카이니드아세테이트,D000712,Ritonavir,리토나비르,부정맥|혈액장애|경련등,1
D000517,Fluconazole,플루코나졸,D000747,Ergotamine,에르고타민,맥각독성(혈관경련|말단및기타조직허혈등)위험증가,1
D000517,Fluconazole,플루코나졸,D000592,Triazolam,트리아졸람,triazolam의약리학적효과및작용증가,1
D000516,Fluoxetine,플루옥세틴,D001604,Safinamide,사피나미드,-세로토닌증후군,1
D000707,Fluticasone,플루티카손,D000762,Itraconazole,이트라코나졸,-Fluticasone의혈중농도증가로쿠싱증후군및부신억제와같은전신코르티코스테로이드효과나타날수있음-Salmeterol의혈중농도증가로QT연장|심계항진등심혈관계이상반응위험증가,1
D000707,Fluticasone,플루티카손,D000769,Ketoconazole,케토코나졸,-Fluticasone의혈중농도증가로쿠싱증후군및부신억제와같은전신코르티코스테로이드효과나타날수있음-Salmeterol의혈중농도증가로QT연장|심계항진등심혈관계이상반응위험증가,1
D000707,Fluticasone,플루티카손,D000712,Ritonavir,리토나비르,-Fluticasone의혈중농도증가로쿠싱증후군및부신억제와같은전신코르티코스테로이드효과나타날수있음-Salmeterol의혈중농도증가로QT연장|심계항진등심혈관계이상반응위험증가,1
D000306,Fluvastatin,플루바스타틴,D000619,FusidicAcid,푸시딘산,횡문근융해증|근무력증|동통발생가능,1
D000209,Fosphenytoin,포스페니토인,D000673,Cobicistat,코비시스타트,Cobicistat및Elvitegravir의혈중농도감소로치료효과소실및내성발현가능,1
D000076,Gemfibrozil,겜피브로질,D001177,Dasabuvir,다사부비르,다사부비르의AUC약11배|Cmax약2배증가다사부비르의혈중농도증가는QT연장을일으킬수있음.,1
D000076,Gemfibrozil,겜피브로질,D000418,Repaglinide,레파글리니드,혈당강하작용증강,1
D000076,Gemfibrozil,겜피브로질,D001178,selexipag,셀렉시팍,셀레시팍노출약2배증가|셀레시팍활성대사체노출약11배증가,1
D000075,Gentamicin,겐타마이신,D001821,Agalsidaseα,아갈시다제알파,겐타마이신은세포내알파-갈락토시다제활성을저해할가능성있음,1
D000075,Gentamicin,겐타마이신,D000798,Furosemide,푸로세미드,신독성및청각독성증강,1
D000080,Gimeracil,기메라실,D000768,Capecitabine,카페시타빈,해당약물병용시gimeracil에의해fluoropyrimidine계열약물의대사가감소하여항암제의독성이증가gimeracil/oteracil/tegafur투여중및종료후7일간해당성분투여금기,1
D000080,Gimeracil,기메라실,D000504,Doxifluridine,독시플루리딘,해당약물병용시gimeracil에의해fluoropyrimidine계열약물의대사가감소하여항암제의독성이증가gimeracil/oteracil/tegafur투여중및종료후7일간해당성분투여금기,1
D000080,Gimeracil,기메라실,D000623,Fluorouracil,플루오로우라실,해당약물병용시gimeracil에의해fluoropyrimidine계열약물의대사가감소하여항암제의독성이증가gimeracil/oteracil/tegafur투여중및종료후7일간해당성분투여금기,1
D000113,Haloperidol,할로페리돌,D000259,Amiodarone,아미오다론,QT간격연장위험증가,1
D000113,Haloperidol,할로페리돌,D000742,Azithromycin,아지트로마이신,QT간격연장위험증가,1
D000113,Haloperidol,할로페리돌,D000584,Chlorpromazine,클로르프로마진,QT간격연장위험증가,1
D000113,Haloperidol,할로페리돌,D000332,Citalopram,시탈로프람,QT간격연장위험증가,1
D000113,Haloperidol,할로페리돌,D000373,Clarithromycin,클래리트로마이신,QT간격연장위험증가,1
D000113,Haloperidol,할로페리돌,D000319,Dolasetron,돌라세트론,QT간격연장위험증가,1
D000113,Haloperidol,할로페리돌,D000201,Dronedarone,드로네다론,QT간격연장위험증가,1
D000113,Haloperidol,할로페리돌,D000560,Epinephrine,에피네프린,혈압강하효과,1
D000113,Haloperidol,할로페리돌,D000256,Erythromycin,에리트로마이신,QT간격연장위험증가,1
D000113,Haloperidol,할로페리돌,D000170,Gemifloxacin,제미플록사신,QT간격연장위험증가,1
D000113,Haloperidol,할로페리돌,D000114,Hydroxyzine,히드록시진,심부정맥위험증가가능,1
D000113,Haloperidol,할로페리돌,D000793,Levofloxacin,레보플록사신,QT간격연장위험증가,1
D000113,Haloperidol,할로페리돌,D000792,Levomepromazine,레보메프로마진,QT간격연장위험증가,1
D000113,Haloperidol,할로페리돌,D000430,Moxifloxacin,목시플록사신,QT간격연장위험증가,1
D000113,Haloperidol,할로페리돌,D000513,Pentamidin,펜타미딘,QT간격연장위험증가,1
D000113,Haloperidol,할로페리돌,D000781,Perphenazine,페르페나진,QT간격연장위험증가,1
D000113,Haloperidol,할로페리돌,D000213,Pimozide,피모짓,QT간격연장위험증가,1
D000113,Haloperidol,할로페리돌,D001418,Ribociclib,리보시클립,-QT간격연장을유발할수있음,1
D000113,Haloperidol,할로페리돌,D000842,Toremifene,토레미펜,QT간격연장위험증가,1
D000113,Haloperidol,할로페리돌,D000635,Vandetanib,반데타닙,QT간격연장위험증가,1
D000113,Haloperidol,할로페리돌,D000173,Ziprasidone,지프라시돈,QT간격연장위험증가,1
D000520,Hemocoagulase,헤모코아귤라제,D000777,Thrombin,트롬빈,혈전형성,1
D000114,Hydroxyzine,히드록시진,D000259,Amiodarone,아미오다론,심부정맥위험증가가능,1
D000114,Hydroxyzine,히드록시진,D000332,Citalopram,시탈로프람,심부정맥위험증가가능,1
D000114,Hydroxyzine,히드록시진,D000256,Erythromycin,에리트로마이신,심부정맥위험증가가능,1
D000363,Ibuprofen,이부프로펜,D000716,Methotrexate,메토트렉세이트,혈액학적독성,1
D000472,Iguratimod,이그라티모드,D000567,Warfarin,와파린,와파린작용증대,1
D000362,Imipramine,이미프라민,D000429,Moclobemide,모클로베미드,근독성|간질|세로토닌성증후군(고혈압|고열|간대성근경련|정신상태변화등),1
D000161,Irinotecan,이리노테칸,D001780,Apalutamide,아팔루타마이드,-이리노테칸활성대사물(SN-38)의혈중농도가저하되어작용감소,1
D000161,Irinotecan,이리노테칸,D000476,Carbamazepine,카르바마제핀,-이리노테칸활성대사물(SN-38)의혈중농도가저하되어작용감소,1
D000161,Irinotecan,이리노테칸,D000762,Itraconazole,이트라코나졸,골수억제|설사등이상반응증가|Itraconazole투여중및종료후2주간해당성분투여금기,1
D000161,Irinotecan,이리노테칸,D000282,Phenobarbital,페노바르비탈,-이리노테칸활성대사물(SN-38)의혈중농도가저하되어작용감소,1
D000161,Irinotecan,이리노테칸,D000595,Phenytoin,페니토인,-이리노테칸활성대사물(SN-38)의혈중농도가저하되어작용감소,1
D000161,Irinotecan,이리노테칸,D000447,St.JohnsWort,세인트존스워트,이리노테칸활성대사물(SN-38)의혈중농도가저하되어작용감소,1
D000265,Isoniazid,이소니아지드,D000769,Ketoconazole,케토코나졸,효소유도로인한ketoconazole의혈중농도저하,1
D000758,Isotretinoin,이소트레티노인,D000820,Alitretinoin,알리트레티노인,-비타민A과다증,1
D000164,Isradipine,이스라디핀,D000314,Rifampicin,리팜피신,isradipine의혈장농도저하,1
D000762,Itraconazole,이트라코나졸,D001701,Acalabrutinib,아칼라브루티닙,-강력한CYP3A/P-gp억제제와의병용으로Acalabrutinib의혈중농도증가,1
D000762,Itraconazole,이트라코나졸,D001751,Apixaban,아픽사반,-Apixaban관련약물이상반응발생위험이증가함,1
D000762,Itraconazole,이트라코나졸,D001060,Edoxaban,에독사반,-Edoxaban관련약물이상반응발생위험이증가함,1
D000762,Itraconazole,이트라코나졸,D001580,Eliglustat,엘리글루스타트,-PR|QTc및/또는QRS심전도간격연장|심부정맥같은Eliglustat관련약물이상반응발생위험이증가함,1
D000762,Itraconazole,이트라코나졸,D001743,Finerenone,피네레논,Finerenone의혈중농도증가|치료효과및이상반응연장이일어날수있음.Itraconazole투여중및종료후2주간해당성분금기.,1
D000762,Itraconazole,이트라코나졸,D001590,Ibrutinib,이브루티닙,-Ibrutinib의혈중농도감소,1
D000762,Itraconazole,이트라코나졸,D001763,Lurasidone,루라시돈,-Lurasidone의노출을증가시킬수있음,1
D000762,Itraconazole,이트라코나졸,D001562,Ranolazine,라놀라진,라놀라진의혈장농도증가,1
D000762,Itraconazole,이트라코나졸,D001609,Venetoclax,베네토클락스,-병용시이약의노출이증가하여TLS를포함한독성위험증가가능,1
D000571,Ivabradine,이바브라딘,D001650,Nirmatrelvir,니르마트렐비르,-서맥또는전도장애의가능성,1
D000769,Ketoconazole,케토코나졸,D001693,Bosutinib,보수티닙,-Bosutinib의혈중농도를증가시켜독성위험을증가시킬수있음,1
D000769,Ketoconazole,케토코나졸,D001763,Lurasidone,루라시돈,-Lurasidone의노출을증가시킬수있음,1
D000672,Ketoprofen,케토프로펜,D000716,Methotrexate,메토트렉세이트,신세뇨관에서Methotrexate배설이지연되어Methotrexate의혈액학적독성증가,1
D000274,Ketorolac,케토롤락,D000739,Aceclofenac,아세클로페낙,중증의위장관계이상반응,1
D000274,Ketorolac,케토롤락,D000452,Aspirin,아스피린,중증의위장관계이상반응,1
D000274,Ketorolac,케토롤락,D000675,Clonixin,클로닉신,중증의위장관계이상반응,1
D000274,Ketorolac,케토롤락,D000696,Dexketoprofen,덱스케토프로펜,상가적인위장관궤양|출혈의위험,1
D000274,Ketorolac,케토롤락,D000506,Diclofenac,디클로페낙,중증의위장관계이상반응,1
D000274,Ketorolac,케토롤락,D000298,Diflunisal,디플루니살,중증의위장관계이상반응,1
D000274,Ketorolac,케토롤락,D000463,Etodolac,에토돌락,중증의위장관계이상반응,1
D000274,Ketorolac,케토롤락,D000705,Flurbiprofen,플루르비프로펜,중증의위장관계이상반응,1
D000274,Ketorolac,케토롤락,D000363,Ibuprofen,이부프로펜,중증의위장관계이상반응,1
D000274,Ketorolac,케토롤락,D000575,Indometacin,인도메타신,중증의위장관계이상반응,1
D000274,Ketorolac,케토롤락,D000672,Ketoprofen,케토프로펜,중증의위장관계이상반응,1
D000274,Ketorolac,케토롤락,D000525,Loxoprofen,록소프로펜,상가적인위장관궤양|출혈의위험,1
D000274,Ketorolac,케토롤락,D000427,Meloxicam,멜록시캄,중증의위장관계이상반응,1
D000274,Ketorolac,케토롤락,D000702,Pentoxifylline,펜톡시필린,출혈및프로트롬빈시간연장,1
D000274,Ketorolac,케토롤락,D000309,Piroxicam,피록시캄,중증의위장관계이상반응,1
D000274,Ketorolac,케토롤락,D000703,Pranoprofen,프라노프로펜,상가적인위장관궤양|출혈의위험,1
D000274,Ketorolac,케토롤락,D000544,Salsalate,살살레이트,중증의위장관계이상반응,1
D000274,Ketorolac,케토롤락,D000644,Sulindac,설린닥,중증의위장관계이상반응,1
D000274,Ketorolac,케토롤락,D000766,Zaltoprofen,잘토프로펜,상가적인위장관궤양|출혈의위험,1
D000616,Lercanidipine,레르카니디핀,D000762,Itraconazole,이트라코나졸,Lercanidipine의혈중농도증가|저혈압및말초부종같은약물이상반응발생위험이증가.Itraconazole투여중및종료후2주간해당성분투여금기,1
D001035,Linezolid,리네졸리드,D001604,Safinamide,사피나미드,-고혈압위기,1
D000059,LithiumCarbonate,탄산리튬,D000377,Chlorthalidone,클로르탈리돈,리튬독성증강,1
D000059,LithiumCarbonate,탄산리튬,D000650,Sumatriptan,수마트립탄,세로토닌증후군,1
D000626,Lopinavir,로피나비르,D001171,Elbasvir,엘바스비르,그라조프레비르의혈장농도가유의하게증가하여ALT상승위험증가가능,1
D000626,Lopinavir,로피나비르,D000747,Ergotamine,에르고타민,맥각독성(혈관경련|말단및기타조직허혈),1
D000115,Lornoxicam,로녹시캄,D000274,Ketorolac,케토롤락,중증의위장관계이상반응,1
D000419,Lovastatin,로바스타틴,D000619,FusidicAcid,푸시딘산,근육병증|횡문근융해위험증가가능,1
D000419,Lovastatin,로바스타틴,D000763,Indinavir,인디나빌,횡문근융해증/근육병증및이에수반되는급격한신기능악화,1
D000419,Lovastatin,로바스타틴,D000762,Itraconazole,이트라코나졸,횡문근융해증,1
D000419,Lovastatin,로바스타틴,D000769,Ketoconazole,케토코나졸,횡문근융해증을비롯한근육질환등중증이상반응,1
D000419,Lovastatin,로바스타틴,D000626,Lopinavir,로피나비르,횡문근융해증/근육병증및이에수반되는급격한신기능악화,1
D000419,Lovastatin,로바스타틴,D001650,Nirmatrelvir,니르마트렐비르,-횡문근융해증을포함하는근육병증의잠재적인가능성,1
D000419,Lovastatin,로바스타틴,D000712,Ritonavir,리토나비르,횡문근융해증/근육병증및이에수반되는급격한신기능악화,1
D000714,Mazindol,마진돌,D001063,Lorcaserin,로카세린,폐동맥고혈압위험증가,1
D000714,Mazindol,마진돌,D000795,Phentermine,펜터민,판막심장병위험,1
D000230,Mefenamicacid,메페남산,D000274,Ketorolac,케토롤락,중증의위장관계이상반응,1
D000467,Mefloquine,메플로퀸,D001558,Divalproex,디발프로엑스,메플로퀸은발프로산의대사를증가시키며경련효과를가지고있으므로병용투여시간질성발작이일어날수있음,1
D000427,Meloxicam,멜록시캄,D000716,Methotrexate,메토트렉세이트,신세뇨관에서Methotrexate배설이지연되어Methotrexate의혈액학적독성증가,1
D000320,Melphalan,멜팔란,D000783,NalidixicAcid,날리딕스산,출혈성궤양대장염과장괴사,1
D000120,Menatetrenone,메나테트레논,D000567,Warfarin,와파린,warfarin의항응고효과감소,1
D000718,Metformin,메트포르민,D000832,Iotrolan,이오트로란,기능적신부전에의해유산산성증촉진,1
D000716,Methotrexate,메토트렉세이트,D000806,Trometamol,트로메타몰,신세뇨관에서Methotrexate배설이지연되어Methotrexate의혈액학적독성증가,1
D000716,Methotrexate,메토트렉세이트,D001176,nitrousoxide,아산화질소,엽산의존대사경로에서구내염|골수억제및신경독성과같은독성을잠재적으로유발하는메토트렉세이트의효과증가,1
D000125,Methoxyphenamine,메톡시페나민,D000560,Epinephrine,에피네프린,부정맥또는심정지,1
D000228,Methylergometrine,메틸에르고메트린,D000673,Cobicistat,코비시스타트,Ergometrine혈중농도증가|말초혈관연축또는국소빈혈,1
D000228,Methylergometrine,메틸에르고메트린,D000762,Itraconazole,이트라코나졸,맥각독성(말초혈관경련|사지와기타조직의허혈|감각이상등)위험증가,1
D000228,Methylergometrine,메틸에르고메트린,D001364,Letermovir,레테르모비르,맥각독성(혈관경련|말단및기타조직허혈등)위험증가,1
D000228,Methylergometrine,메틸에르고메트린,D001650,Nirmatrelvir,니르마트렐비르,-사지및중추신경계를포함하는기타조직의혈관경련및허혈을특징으로하는급성맥각독성의잠재적인가능성,1
D000228,Methylergometrine,메틸에르고메트린,D000712,Ritonavir,리토나비르,맥각독성(말초혈관경련|사지와기타조직의허혈|감각이상등)위험증가,1
D000228,Methylergometrine,메틸에르고메트린,D000650,Sumatriptan,수마트립탄,상가적인혈관수축반응|현저한혈압상승,1
D000229,Methylphenidate,메틸페니데이트,D000429,Moclobemide,모클로베미드,고혈압성위기(현저한혈압상승),1
D000229,Methylphenidate,메틸페니데이트,D001604,Safinamide,사피나미드,-고혈압위기,1
D000004,Metolazone,메톨라존,D000059,LithiumCarbonate,탄산리튬,리튬독성증가,1
D000324,Miconazole,미코나졸,D000600,Gliclazide,글리클라지드,저혈당또는혼수,1
D000007,Midazolam,미다졸람,D000150,Atazanavir,아타자나비르,진정작용이나호흡억제를증가또는연장,1
D000007,Midazolam,미다졸람,D000395,Darunavir,다루나비르,진정작용의증가및연장|호흡저하판막심장병위험,1
D000007,Midazolam,미다졸람,D000558,Efavirenz,에파비렌즈,과도한진정작용,1
D000007,Midazolam,미다졸람,D000763,Indinavir,인디나빌,과도한진정작용,1
D000007,Midazolam,미다졸람,D000762,Itraconazole,이트라코나졸,midazolam의약리학적효과및작용(수면유도및진정작용등의중추신경억제효과)증가,1
D000007,Midazolam,미다졸람,D000769,Ketoconazole,케토코나졸,midazolam의약리학적효과및작용증가,1
D000007,Midazolam,미다졸람,D000626,Lopinavir,로피나비르,진정작용의증가및연장|호흡저하판막심장병위험,1
D000007,Midazolam,미다졸람,D000712,Ritonavir,리토나비르,진정작용의연장또는증가|호흡저하,1
D000322,Midecamycin,미데카마이신,D000747,Ergotamine,에르고타민,맥각독성(혈관경련|말단및기타조직허혈등)위험증가,1
D000127,Minocycline,미노사이클린,D000820,Alitretinoin,알리트레티노인,-양성두개내압상승(가성뇌종양)보고,1
D000127,Minocycline,미노사이클린,D000758,Isotretinoin,이소트레티노인,테트라사이클린가성뇌종양보고,1
D000128,Mirodenafil,미로데나필,D000530,Molsidomine,몰시도민,혈압강하증가,1
D000128,Mirodenafil,미로데나필,D000498,Nicorandil,니코란딜,혈압강하작용증강,1
D000128,Mirodenafil,미로데나필,D000246,Sildenafil,실데나필,동일계열병용투여금기,1
D000128,Mirodenafil,미로데나필,D000181,Tadalafil,타다라필,동일계열병용투여금기,1
D000128,Mirodenafil,미로데나필,D000569,Udenafil,유데나필,동일계열병용투여금기,1
D000128,Mirodenafil,미로데나필,D000434,Vardenafil,바데나필,동일계열병용투여금기,1
D000128,Mirodenafil,미로데나필,D001723,isosorbidedinitrate,이소소르비드이질산염,혈압강하작용증가,1
D000128,Mirodenafil,미로데나필,D001722,isosorbidemononitrate,이소소르비드일질산염,혈압강하작용증가,1
D000323,Mirtazapine,미르타자핀,D000429,Moclobemide,모클로베미드,구역|구토|안면홍조|어지러움|진전|산동|강직|발한|고온증|심장지표의빠른변화와함께자율신경계의불안정|정신상태의변화,1
D000953,Mitotane,미토테인,D001697,Lorlatinib,롤라티닙,Lorlatinib의혈중농도를감소시킬수있음.,1
D000719,Mizolastine,미졸라스틴,D000762,Itraconazole,이트라코나졸,Mizolastine의혈중농도증가|QT연장같은Mizolastine관련약물이상반응발생위험이증가.Itraconazole투여중및종료후2주간해당성분투여금기,1
D000429,Moclobemide,모클로베미드,D000657,Apraclonidine,아프라클로니딘,교감신경흥분제의작용증강또는연장(고혈압|빈맥등),1
D000429,Moclobemide,모클로베미드,D000641,Brimonidine,브리모니딘,교감신경흥분제의작용증강또는연장(고혈압|빈맥등),1
D000429,Moclobemide,모클로베미드,D000540,Buspirone,부스피론,혈압상승,1
D000429,Moclobemide,모클로베미드,D000476,Carbamazepine,카르바마제핀,고혈압|저혈압|발한을동반한심각한중추신경계이상반응(현기|진전|발작등),1
D000429,Moclobemide,모클로베미드,D000505,Diethylpropion,디에틸프로피온,고혈압위기유발,1
D000429,Moclobemide,모클로베미드,D000501,Doxepin,독세핀,근독성|간질|세로토닌성증후군(고혈압|고열|간대성근경련|정신상태변화등),1
D000429,Moclobemide,모클로베미드,D000516,Fluoxetine,플루옥세틴,세로토닌성증후군(고혈압|고열|간대성근경련|정신상태변화등),1
D000429,Moclobemide,모클로베미드,D000800,Fluvoxamine,플루복사민,세로토닌성증후군(고혈압|고열|간대성근경련|정신상태변화등),1
D000429,Moclobemide,모클로베미드,D000714,Mazindol,마진돌,혈압상승위험유발,1
D000429,Moclobemide,모클로베미드,D000466,Nortriptyline,노르트립틸린,근독성|간질|세로토닌성증후군(고혈압|고열|간대성근경련|정신상태변화등),1
D000429,Moclobemide,모클로베미드,D000700,Pethidine,페티딘,아편계약물의효과증강.혼수|중증의호흡억제,1
D000429,Moclobemide,모클로베미드,D000701,Phendimetrazinetartrate,펜디메트라진타르타르산염,혈압상승위험,1
D000429,Moclobemide,모클로베미드,D000795,Phentermine,펜터민,혈압상승위험,1
D000429,Moclobemide,모클로베미드,D000811,Quinupramine,퀴누프라민,혈압변동의위험,1
D000429,Moclobemide,모클로베미드,D000650,Sumatriptan,수마트립탄,수마트립탄의혈장농도증가,1
D000429,Moclobemide,모클로베미드,D000773,Tramadol,트라마돌,세로토닌작용에의한증후군(중추흥분|설사|빈맥|땀|진전|혼동|혼수등)야기,1
D000429,Moclobemide,모클로베미드,D000638,Venlafaxine,벤라팍신,세로토닌성증후군(고혈압|고열|간대성근경련|정신상태변화등),1
D000632,Modafinil,모다피닐,D001609,Venetoclax,베네토클락스,-CYP3A유도제와의병용은Venetoclax의노출을감소시켜결과적으로효능부족을초래할수있음,1
D000530,Molsidomine,몰시도민,D000569,Udenafil,유데나필,혈압강하작용증가,1
D000006,Morphine,모르핀,D000017,Buprenorpine,부프레노르핀,진통효과감소|금단증상위험,1
D000006,Morphine,모르핀,D000429,Moclobemide,모클로베미드,경련|반사항진|이상고열|혼수등,1
D000006,Morphine,모르핀,D000139,SelegilineHydrochloride,셀레길린염산염,경련|반사항진|이상고열|혼수등,1
D000430,Moxifloxacin,목시플록사신,D001418,Ribociclib,리보시클립,-QT간격연장을유발할수있음,1
D000081,Nabumetone,나부메톤,D000274,Ketorolac,케토롤락,중증의위장관계이상반응,1
D001080,Nafcillin,나프실린,D001609,Venetoclax,베네토클락스,-CYP3A유도제와의병용은Venetoclax의노출을감소시켜결과적으로효능부족을초래할수있음,1
D000287,Naratriptan,나라트립탄,D000745,Almotriptan,알모트립탄,상가적인혈관수축반응|혈압상승,1
D000287,Naratriptan,나라트립탄,D000407,Frovatriptan,프로바트립탄,추가적인관상혈관경련으로고혈압및관상동맥협착의위험성증가,1
D000287,Naratriptan,나라트립탄,D000650,Sumatriptan,수마트립탄,상가적인혈관수축반응|현저한혈압상승,1
D001451,Natalizumab,나탈리주맙,D001611,Vedolizumab,베돌리주맙,-유효성및안전성미확립-기회감염을포함하여감염의위험성을증가시킬수있음,1
D000003,Nelfinavir,넬피나비어,D000259,Amiodarone,아미오다론,부정맥|혈액장애|경련등,1
D000003,Nelfinavir,넬피나비어,D000020,Blonanserin,블로난세린,Blonanserin혈중약물농도증가로작용증대,1
D000003,Nelfinavir,넬피나비어,D000084,Dapoxetine,다폭세틴,다폭세틴농도상승,1
D000003,Nelfinavir,넬피나비어,D000202,Dihydroergotamine,디히드로에르고타민,맥각독성(말초혈관경련|사지와기타조직의허혈|감각이상등)위험증가,1
D000003,Nelfinavir,넬피나비어,D000747,Ergotamine,에르고타민,맥각독성(말초혈관경련|사지와기타조직의허혈|감각이상등)위험증가,1
D000003,Nelfinavir,넬피나비어,D000699,Lansoprazole,란소프라졸,치료효과의손실과약물내성나타날수있음,1
D000003,Nelfinavir,넬피나비어,D000419,Lovastatin,로바스타틴,횡문근융해증/근육병증및이에수반되는급격한신기능악화,1
D000003,Nelfinavir,넬피나비어,D000228,Methylergometrine,메틸에르고메트린,맥각독성(말초혈관경련|사지와기타조직의허혈|감각이상등)위험증가,1
D000003,Nelfinavir,넬피나비어,D000007,Midazolam,미다졸람,진정작용의증가및연장|호흡저하판막심장병위험,1
D000003,Nelfinavir,넬피나비어,D000314,Rifampicin,리팜피신,혈중농도저하로항레트로바이러스약물효과감소,1
D000003,Nelfinavir,넬피나비어,D000027,Simvastatin,심바스타틴,횡문근융해증을비롯한근육질환등중증이상반응,1
D000604,Netilmicin,네틸마이신,D000798,Furosemide,푸로세미드,신독성및청각독성증강,1
D000498,Nicorandil,니코란딜,D000569,Udenafil,유데나필,혈압강하작용증강,1
D000197,Nifedipine,니페디핀,D000314,Rifampicin,리팜피신,nifedipine의혈장농도저하,1
D000083,Nimesulide,니메술리드,D000274,Ketorolac,케토롤락,중증의위장관계이상반응,1
D001650,Nirmatrelvir,니르마트렐비르,D001780,Apalutamide,아팔루타마이드,-바이러스반응의손실및내성발현의잠재적인가능성,1
D001650,Nirmatrelvir,니르마트렐비르,D001743,Finerenone,피네레논,-고칼륨혈증|저혈압및저나트륨혈증을포함하는중대한이상반응의가능성,1
D001650,Nirmatrelvir,니르마트렐비르,D001763,Lurasidone,루라시돈,-Lurasidone의혈중농도를증가시킬수있음-심장부정맥과같은중대한및/또는생명을위협하는반응의가능성,1
D000196,Nisoldipine,니솔디핀,D000762,Itraconazole,이트라코나졸,nisoldipine의혈중농도상승,1
D000196,Nisoldipine,니솔디핀,D000769,Ketoconazole,케토코나졸,nisoldipine의혈중농도상승,1
D000196,Nisoldipine,니솔디핀,D000314,Rifampicin,리팜피신,nisoldipine의작용약화,1
D000215,Nitroglycerin,니트로글리세린,D000246,Sildenafil,실데나필,혈압강하작용증가,1
D000215,Nitroglycerin,니트로글리세린,D000569,Udenafil,유데나필,혈압강하작용증가,1
D000215,Nitroglycerin,니트로글리세린,D000434,Vardenafil,바데나필,혈압강하작용증가,1
D000082,Norepinephrine,노르에피네프린,D000477,Clenbuterol,클렌부테롤,부정맥또는심정지,1
D000082,Norepinephrine,노르에피네프린,D000759,Isoproterenol,이소프로테레놀,심부정맥|경우에따라심정지,1
D000082,Norepinephrine,노르에피네프린,D000125,Methoxyphenamine,메톡시페나민,부정맥또는심정지,1
D000082,Norepinephrine,노르에피네프린,D000514,Procaterol,프로카테롤,부정맥또는심정지,1
D000082,Norepinephrine,노르에피네프린,D000137,Salbutamol,살부타몰,부정맥또는심정지,1
D000082,Norepinephrine,노르에피네프린,D000185,Tulobuterol,툴로부테롤,부정맥또는심정지,1
D000469,Omeprazole,오메프라졸,D000665,Emtricitabine,엠트리시타빈,위장pH의증가로릴피비린의흡수가저하되어릴피비린의치료효과감소,1
D000470,Ondansetron,온단세트론,D001418,Ribociclib,리보시클립,-QT간격연장을유발할수있음,1
D000045,OxapiumIodide,요오드화옥사피움,D000568,SodiumIodide(131I),요오드화나트륨(131I),131I섭취율저하,1
D000262,Oxaprozin,옥사프로진,D000274,Ketorolac,케토롤락,중증의위장관계이상반응,1
D000261,Oxatomide,옥사토마이드,D000656,Atropine,아트로핀,항콜린작용증가,1
D000263,Oxcarbazepine,옥스카르바제핀,D001748,Cabotegravir,카보테그라비르,Cabotegravir의혈중농도를감소시켜치료효과를감소시킬수있음.,1
D000263,Oxcarbazepine,옥스카르바제핀,D001603,Eslicarbazepineacetate,에슬리카르바제핀아세테이트,-활성대사체의과다노출을유발할수있음,1
D000754,Oxytetracycline,옥시테트라사이클린,D000758,Isotretinoin,이소트레티노인,테트라사이클린가성뇌종양보고,1
D000188,Paricalcitol,파리칼시톨,D000581,Calcitriol,칼시트리올,고칼슘혈증,1
D000353,Paroxetine,파록세틴,D000429,Moclobemide,모클로베미드,세로토닌성증후군(고혈압|고열|간대성근경련|정신상태변화등),1
D000397,Penicillamine,디페니실라민,D001560,Zinchistidine,히스티딘아연,아연흡수를저해하거나배출을증가시킴,1
D001456,Pentamidine,펜타미딘,D001559,Foscarnet,포스카네트,신장손상악화|저칼슘혈증이일어날수있음,1
D000700,Pethidine,페티딘,D000712,Ritonavir,리토나비르,-Ritonavir와병용시Pethidine의독성이나타날위험이있음,1
D000700,Pethidine,페티딘,D001604,Safinamide,사피나미드,-고혈압또는저혈압위기가동반되는중추신경흥분또는억제를일으킬수있음,1
D000701,Phendimetrazinetartrate,펜디메트라진타르타르산염,D001063,Lorcaserin,로카세린,판막심장병위험,1
D000701,Phendimetrazinetartrate,펜디메트라진타르타르산염,D000714,Mazindol,마진돌,판막심장병위험,1
D000701,Phendimetrazinetartrate,펜디메트라진타르타르산염,D000795,Phentermine,펜터민,판막심장병위험,1
D000282,Phenobarbital,페노바르비탈,D001606,Brigatinib,브리가티닙,-Brigatinib의혈장농도를감소시킬수있음,1
D000282,Phenobarbital,페노바르비탈,D001748,Cabotegravir,카보테그라비르,Cabotegravir의혈중농도를감소시켜치료효과를감소시킬수있음.,1
D000282,Phenobarbital,페노바르비탈,D001585,Cabozantinib,카보잔티닙,-Cabozantinib의혈장노출감소,1
D000282,Phenobarbital,페노바르비탈,D001076,Ceritinib,세리티닙,-Ceritinib의혈장농도감소,1
D000282,Phenobarbital,페노바르비탈,D000673,Cobicistat,코비시스타트,Cobicistat및Elvitegravir의혈중농도감소로치료효과소실및내성발현가능,1
D000282,Phenobarbital,페노바르비탈,D001743,Finerenone,피네레논,Finerenone혈중농도의현저한감소및치료효과감소가예상됨.,1
D000282,Phenobarbital,페노바르비탈,D001612,Isavuconazonium,이사부코나조늄,-Isavuconazonium의혈장농도를유의미하게감소시킬수있음,1
D000282,Phenobarbital,페노바르비탈,D001650,Nirmatrelvir,니르마트렐비르,-바이러스반응의손실및내성발현의잠재적인가능성,1
D000282,Phenobarbital,페노바르비탈,D001562,Ranolazine,라놀라진,-Ranolazine의효과부족이발생될것으로예상됨,1
D000282,Phenobarbital,페노바르비탈,D000443,Voriconazole,보리코나졸,Phenobarbital의혈중농도증가|Voriconazole의농도감소,1
D000795,Phentermine,펜터민,D001063,Lorcaserin,로카세린,판막심장병위험,1
D000595,Phenytoin,페니토인,D001701,Acalabrutinib,아칼라브루티닙,-강력한CYP3A유도제와의병용으로Acalabrutinib의혈중농도감소,1
D000595,Phenytoin,페니토인,D001606,Brigatinib,브리가티닙,-Brigatinib의혈장농도를감소시킬수있음,1
D000595,Phenytoin,페니토인,D001748,Cabotegravir,카보테그라비르,Cabotegravir의혈중농도를감소시켜치료효과를감소시킬수있음.,1
D000595,Phenytoin,페니토인,D001585,Cabozantinib,카보잔티닙,-Cabozantinib의혈장노출감소,1
D000595,Phenytoin,페니토인,D001076,Ceritinib,세리티닙,-Ceritinib의혈장농도감소,1
D000595,Phenytoin,페니토인,D000673,Cobicistat,코비시스타트,Cobicistat및Elvitegravir의혈중농도감소로치료효과소실및내성발현가능,1
D000595,Phenytoin,페니토인,D001171,Elbasvir,엘바스비르,엘바스비르와그라조프레비르의혈장농도가유의하게감소하여이약의바이러스학적반응감소가능,1
D000595,Phenytoin,페니토인,D001700,Fedratinib,페드라티닙,Fedratinib의혈중농도를감소시킬수있음.,1
D000595,Phenytoin,페니토인,D001743,Finerenone,피네레논,Finerenone혈중농도의현저한감소및치료효과감소가예상됨.,1
D000595,Phenytoin,페니토인,D001589,Gilteritinib,길테리티닙,-Gilteritinib의혈장농도감소,1
D000595,Phenytoin,페니토인,D001362,Glecaprevir,글레카프레비르,Glecaprevir와Pibrentasvir의혈장농도가유의하게감소하여이약의바이러스학적반응감소가능,1
D000595,Phenytoin,페니토인,D001590,Ibrutinib,이브루티닙,-Ibrutinib의혈중농도감소,1
D000595,Phenytoin,페니토인,D001612,Isavuconazonium,이사부코나조늄,-Isavuconazonium의혈장농도를유의미하게감소시킬수있음,1
D000595,Phenytoin,페니토인,D001711,Ixazomib,익사조밉,-Ixazomib의효과감소,1
D000595,Phenytoin,페니토인,D001697,Lorlatinib,롤라티닙,Lorlatinib의혈중농도를감소시킬수있음.,1
D000595,Phenytoin,페니토인,D001763,Lurasidone,루라시돈,-Lurasidone의노출을감소시킬수있음,1
D000595,Phenytoin,페니토인,D001594,Midostaurin,미도스타우린,-Midostaurin과활성대사체의혈중농도감소,1
D000595,Phenytoin,페니토인,D001650,Nirmatrelvir,니르마트렐비르,-바이러스반응의손실및내성발현의잠재적인가능성,1
D000595,Phenytoin,페니토인,D001598,Ponatinib,포나티닙,-Ponatinib의노출감소,1
D000595,Phenytoin,페니토인,D001562,Ranolazine,라놀라진,-Ranolazine의효과부족이발생될것으로예상됨,1
D000595,Phenytoin,페니토인,D001418,Ribociclib,리보시클립,-강력한CYP3A유도제와의병용투여는Ribociclib의혈장노출을감소시킬수있음,1
D000595,Phenytoin,페니토인,D001609,Venetoclax,베네토클락스,-CYP3A유도제와의병용은Venetoclax의노출을감소시켜결과적으로효능부족을초래할수있음,1
D000595,Phenytoin,페니토인,D001703,Zanubrutinib,자누브루티닙,-Zanubrutinib의혈중농도를감소시켜유효성을감소시킬수있음,1
D000595,Phenytoin,페니토인,D001149,palbociclib,팔보시클립,팔보시클립의혈장농도증가,1
D001363,Pibrentasvir,피브렌타스비르,D001650,Nirmatrelvir,니르마트렐비르,-증가된Glecaprevir농도는알라닌아미노전달효소(ALT)상승을유발할수있음,1
D000213,Pimozide,피모짓,D000343,Amantadine,아만타딘,QT간격연장,1
D000213,Pimozide,피모짓,D000259,Amiodarone,아미오다론,Torsadedepointes위험증가,1
D000213,Pimozide,피모짓,D000332,Citalopram,시탈로프람,QT간격연장,1
D000213,Pimozide,피모짓,D000373,Clarithromycin,클래리트로마이신,pimozide의혈중농도상승|QT연장,1
D000213,Pimozide,피모짓,D000256,Erythromycin,에리트로마이신,QT연장등,1
D000213,Pimozide,피모짓,D000516,Fluoxetine,플루옥세틴,QT간격연장,1
D000213,Pimozide,피모짓,D000800,Fluvoxamine,플루복사민,QT간격연장,1
D000213,Pimozide,피모짓,D000362,Imipramine,이미프라민,QT연장,1
D000213,Pimozide,피모짓,D000762,Itraconazole,이트라코나졸,QT간격연장및심실부정맥(Torsadedepointes)위험증가,1
D000213,Pimozide,피모짓,D001364,Letermovir,레테르모비르,QT연장|심실성빈맥|심실세동및torsadesdepointes등심독성위험증가,1
D000213,Pimozide,피모짓,D001697,Lorlatinib,롤라티닙,Pimozide의혈중농도가감소될수있음.,1
D000213,Pimozide,피모짓,D000719,Mizolastine,미졸라스틴,QT간격연장,1
D000213,Pimozide,피모짓,D001650,Nirmatrelvir,니르마트렐비르,-심장부정맥과같은중대한및/또는생명을위협하는반응의가능성,1
D000213,Pimozide,피모짓,D000466,Nortriptyline,노르트립틸린,QT연장,1
D000213,Pimozide,피모짓,D000353,Paroxetine,파록세틴,QT간격연장,1
D000213,Pimozide,피모짓,D000405,Posaconazole,포사코나졸,QT간격연장,1
D000213,Pimozide,피모짓,D001418,Ribociclib,리보시클립,-QT간격연장을유발할수있음,1
D000213,Pimozide,피모짓,D000712,Ritonavir,리토나비르,QT연장|심실성빈맥|심실세동및torsadesdepointes등심독성위험증가,1
D000213,Pimozide,피모짓,D000628,Roxithromycin,록시트로마이신,심실부정맥(Torsadesdepointes포함)등의심혈관계이상반응,1
D000213,Pimozide,피모짓,D000336,Sertraline,설트랄린,QT간격연장,1
D000213,Pimozide,피모짓,D000443,Voriconazole,보리코나졸,QT연장|심실성빈맥|심실세동및torsadesdepointes등심독성위험증가,1
D000309,Piroxicam,피록시캄,D000716,Methotrexate,메토트렉세이트,신세뇨관에서Methotrexate배설이지연되어Methotrexate의혈액학적독성증가,1
D000405,Posaconazole,포사코나졸,D001701,Acalabrutinib,아칼라브루티닙,-강력한CYP3A/P-gp억제제와의병용으로Acalabrutinib의혈중농도증가,1
D000405,Posaconazole,포사코나졸,D000747,Ergotamine,에르고타민,맥각독성(혈관경련|말단및기타조직허혈등)위험증가,1
D000405,Posaconazole,포사코나졸,D000419,Lovastatin,로바스타틴,근병증및횡문근융해,1
D000405,Posaconazole,포사코나졸,D001562,Ranolazine,라놀라진,-Ranolazine의효과부족이발생될것으로예상됨,1
D000405,Posaconazole,포사코나졸,D000527,Rivaroxaban,리바록사반,-Rivaroxaban의혈중농도가상승하여출혈위험증가,1
D000565,PotassiumChloride,염화칼륨,D000731,Spironolactone,스피로노락톤,고칼륨혈증,1
D000103,Primidone,프리미돈,D001650,Nirmatrelvir,니르마트렐비르,-바이러스반응의손실및내성발현의잠재적인가능성,1
D000514,Procaterol,프로카테롤,D000560,Epinephrine,에피네프린,부정맥또는심정지유도,1
D000211,Proglumetacin,프로글루메타신,D000298,Diflunisal,디플루니살,중증의위장관계이상반응,1
D000515,Propafenone,프로파페논,D001650,Nirmatrelvir,니르마트렐비르,-심장부정맥의가능성,1
D000448,Pseudoephedrine,슈도에페드린,D000698,Rasagiline,라사길린,고혈압|빈맥유발,1
D000178,Quazepam,쿠아제팜,D000712,Ritonavir,리토나비르,과도한진정및호흡억제,1
D000204,Rabeprazole,라베프라졸,D000225,Rilpivirine,릴피비린,위장pH의증가로릴피비린의흡수가저하되어릴피비린의치료효과감소,1
D001562,Ranolazine,라놀라진,D001650,Nirmatrelvir,니르마트렐비르,-중대한및/또는생명을위협하는반응의가능성,1
D000698,Rasagiline,라사길린,D001604,Safinamide,사피나미드,-고혈압위기,1
D001081,Rifabutin,리파부틴,D001606,Brigatinib,브리가티닙,-Brigatinib의혈장농도를감소시킬수있음,1
D001081,Rifabutin,리파부틴,D001748,Cabotegravir,카보테그라비르,Cabotegravir혈중농도감소로치료효과감소,1
D001081,Rifabutin,리파부틴,D001612,Isavuconazonium,이사부코나조늄,-Isavuconazonium의혈장농도를유의미하게감소시킬수있음,1
D000314,Rifampicin,리팜피신,D001693,Bosutinib,보수티닙,-Bosutinib의혈중농도를감소시켜유효성을감소시킬수있음,1
D000314,Rifampicin,리팜피신,D001748,Cabotegravir,카보테그라비르,Cabotegravir의혈중농도를감소시켜치료효과를감소시킬수있음.,1
D000314,Rifampicin,리팜피신,D000673,Cobicistat,코비시스타트,Cobicistat및Elvitegravir의혈중농도감소로치료효과소실및내성발현가능,1
D000314,Rifampicin,리팜피신,D000396,Dabigatranetexilate,다비가트란에텍실레이트,다비가트란의혈중농도감소,1
D000314,Rifampicin,리팜피신,D001171,Elbasvir,엘바스비르,엘바스비르와그라조프레비르의혈장농도가유의하게감소하여이약의바이러스학적반응감소가능,1
D000314,Rifampicin,리팜피신,D001700,Fedratinib,페드라티닙,Fedratinib의혈중농도를감소시킬수있음.,1
D000314,Rifampicin,리팜피신,D001743,Finerenone,피네레논,Finerenone혈중농도의현저한감소및치료효과감소가예상됨.,1
D000314,Rifampicin,리팜피신,D001747,Fosnetupitant,포스네투피탄트,Fosnetupitant의혈중농도가감소하여약효가감소할수있음.,1
D000314,Rifampicin,리팜피신,D001362,Glecaprevir,글레카프레비르,Glecaprevir와Pibrentasvir의혈장농도가유의하게감소하여이약의바이러스학적반응감소가능,1
D000314,Rifampicin,리팜피신,D000763,Indinavir,인디나빌,혈중농도저하로항레트로바이러스약물효과감소,1
D000314,Rifampicin,리팜피신,D000769,Ketoconazole,케토코나졸,효소유도로인한ketoconazole의혈중농도저하,1
D000314,Rifampicin,리팜피신,D001697,Lorlatinib,롤라티닙,-Lorlatinib의혈중농도를감소시킬수있음.-총빌리루빈과알칼리인산분해효소의증가없이AST와ALT의증가와연관있음.,1
D000314,Rifampicin,리팜피신,D001763,Lurasidone,루라시돈,-Lurasidone의노출을감소시킬수있음,1
D000314,Rifampicin,리팜피신,D001365,Netupitant,네투피탄트,Netupitant의혈중농도감소,1
D000314,Rifampicin,리팜피신,D001784,Tucatinib,투카티닙,-Tucatinib의혈중농도를감소시켜유효성을감소시킬수있음,1
D000314,Rifampicin,리팜피신,D000443,Voriconazole,보리코나졸,혈중농도가저하되어보리코나졸의약물효과감소,1
D000314,Rifampicin,리팜피신,D001703,Zanubrutinib,자누브루티닙,-Zanubrutinib의혈중농도를감소시켜유효성을감소시킬수있음,1
D000225,Rilpivirine,릴피비린,D001648,Fexuprazan,펙수프라잔,-위내pH증가로인한Atazanavir의생체이용률감소,1
D000225,Rilpivirine,릴피비린,D000699,Lansoprazole,란소프라졸,위장pH의증가로릴피비린의흡수가저하되어릴피비린의치료효과감,1
D000225,Rilpivirine,릴피비린,D000469,Omeprazole,오메프라졸,위장pH의증가로릴피비린의흡수가저하되어릴피비린의치료효과감소,1
D000225,Rilpivirine,릴피비린,D001081,Rifabutin,리파부틴,Rilpivirine혈중농도감소로치료효과감소혹은내성발현,1
D001073,Riociguat,리오시구앗,D001736,Vericiguat,베리시구앗,-두약제는동일계열임,1
D000712,Ritonavir,리토나비르,D001701,Acalabrutinib,아칼라브루티닙,-강력한CYP3A/P-gp억제제와의병용으로Acalabrutinib의혈중농도증가,1
D000712,Ritonavir,리토나비르,D000747,Ergotamine,에르고타민,맥각독성(말초혈관경련|사지와기타조직의허혈|감각이상등)위험증가,1
D000712,Ritonavir,리토나비르,D001743,Finerenone,피네레논,Finerenone혈중농도의현저한증가가예상됨.,1
D000712,Ritonavir,리토나비르,D001590,Ibrutinib,이브루티닙,-Ibrutinib의혈중농도감소-Ibrutinib의노출증가로종양용해증후군의위험을포함한독성위험성증가,1
D000712,Ritonavir,리토나비르,D001612,Isavuconazonium,이사부코나조늄,-고용량의Ritonavir(>200mg|1일2회)와병용투여금기,1
D000712,Ritonavir,리토나비르,D001763,Lurasidone,루라시돈,-Lurasidone의노출을증가시킬수있음,1
D000527,Rivaroxaban,리바록사반,D001650,Nirmatrelvir,니르마트렐비르,-출혈위험의증가,1
D000628,Roxithromycin,록시트로마이신,D000747,Ergotamine,에르고타민,맥각독성(혈관경련|말단및기타조직허혈),1
D000628,Roxithromycin,록시트로마이신,D000719,Mizolastine,미졸라스틴,말초혈관경련|사지허혈|감각이상등,1
D000137,Salbutamol,살부타몰,D000560,Epinephrine,에피네프린,부정맥또는심정지,1
D000139,SelegilineHydrochloride,셀레길린염산염,D000745,Almotriptan,알모트립탄,-동맥고혈압|관상동맥수축의위험이있음,1
D000139,SelegilineHydrochloride,셀레길린염산염,D000248,Amoxapine,아목사핀,세로토닌성증후군(고혈압|고열|간대성근경련|정신상태변화등),1
D000139,SelegilineHydrochloride,셀레길린염산염,D000657,Apraclonidine,아프라클로니딘,교감신경흥분제의작용증강또는연장(고혈압|빈맥등),1
D000139,SelegilineHydrochloride,셀레길린염산염,D000552,Atomoxetine,아토목세틴,고열|경직|간대성근경련|정신상태변화등,1
D000139,SelegilineHydrochloride,셀레길린염산염,D000641,Brimonidine,브리모니딘,교감신경흥분제의작용증강또는연장(고혈압|빈맥등),1
D000139,SelegilineHydrochloride,셀레길린염산염,D000540,Buspirone,부스피론,혈압상승,1
D000139,SelegilineHydrochloride,셀레길린염산염,D000476,Carbamazepine,카르바마제핀,고혈압|저혈압|발한을동반한심각한중추신경계이상반응(현기|진전|발작등),1
D000139,SelegilineHydrochloride,셀레길린염산염,D000242,Cyclobenzaprine,시클로벤자프린,고혈압|저혈압|발한을동반한심각한중추신경계이상반응(현기|진전|발작등),1
D000139,SelegilineHydrochloride,셀레길린염산염,D000200,Dextromethorphan,덱스트로메토르판,경련|반사항진|이상고열|혼수등,1
D000139,SelegilineHydrochloride,셀레길린염산염,D000501,Doxepin,독세핀,근독성|간질|세로토닌성증후군(고혈압|고열|간대성근경련|정신상태변화등),1
D000139,SelegilineHydrochloride,셀레길린염산염,D000155,Ephedrine,에페드린,고혈압|빈맥유발,1
D000139,SelegilineHydrochloride,셀레길린염산염,D000516,Fluoxetine,플루옥세틴,세로토닌성증후군(고혈압|고열|경련|정신상태변화등),1
D000139,SelegilineHydrochloride,셀레길린염산염,D000800,Fluvoxamine,플루복사민,세로토닌성증후군(고혈압|고열|간대성근경련|정신상태변화등),1
D000139,SelegilineHydrochloride,셀레길린염산염,D000407,Frovatriptan,프로바트립탄,-동맥고혈압|관상동맥수축의위험이있음,1
D000139,SelegilineHydrochloride,셀레길린염산염,D000362,Imipramine,이미프라민,근독성|간질|세로토닌성증후군(고혈압|고열|간대성근경련|정신상태변화등),1
D000139,SelegilineHydrochloride,셀레길린염산염,D000792,Levomepromazine,레보메프로마진,중추흥분상태증가,1
D000139,SelegilineHydrochloride,셀레길린염산염,D001035,Linezolid,리네졸리드,고혈압위기의위험증가|투여중지후MAO억제제인다른약물을투여하기까지적어도14일이상사이를두어야함,1
D000139,SelegilineHydrochloride,셀레길린염산염,D000229,Methylphenidate,메틸페니데이트,고혈압성위기(현저한혈압상승),1
D000139,SelegilineHydrochloride,셀레길린염산염,D000323,Mirtazapine,미르타자핀,구역|구토|안면홍조|어지러움|진전|산동|강직|발한|고온증|심장지표의빠른변화|자율신경계의불안정|정신상태의변화,1
D000139,SelegilineHydrochloride,셀레길린염산염,D000429,Moclobemide,모클로베미드,심각한혈압저하위험증가,1
D000139,SelegilineHydrochloride,셀레길린염산염,D000287,Naratriptan,나라트립탄,-동맥고혈압|관상동맥수축의위험이있음,1
D000139,SelegilineHydrochloride,셀레길린염산염,D000466,Nortriptyline,노르트립틸린,근독성|간질|세로토닌성증후군(고혈압|고열|간대성근경련|정신상태변화등),1
D000139,SelegilineHydrochloride,셀레길린염산염,D001783,Ozanimod,오자니모드,-Ozanimod의노출을감소시킬수있음,1
D000139,SelegilineHydrochloride,셀레길린염산염,D000353,Paroxetine,파록세틴,세로토닌성증후군(고혈압|고열|간대성근경련|정신상태변화등),1
D000139,SelegilineHydrochloride,셀레길린염산염,D000700,Pethidine,페티딘,아편계약물의효과증강.혼수|중증의호흡억제,1
D000139,SelegilineHydrochloride,셀레길린염산염,D000701,Phendimetrazinetartrate,펜디메트라진타르타르산염,혈압상승위험,1
D000139,SelegilineHydrochloride,셀레길린염산염,D000795,Phentermine,펜터민,혈압상승위험,1
D000139,SelegilineHydrochloride,셀레길린염산염,D000448,Pseudoephedrine,슈도에페드린,고혈압|빈맥유발,1
D000139,SelegilineHydrochloride,셀레길린염산염,D000698,Rasagiline,라사길린,고혈압위기|세로토닌증후군발생위험증가,1
D000139,SelegilineHydrochloride,셀레길린염산염,D001604,Safinamide,사피나미드,-고혈압위기,1
D000139,SelegilineHydrochloride,셀레길린염산염,D000336,Sertraline,설트랄린,세로토닌성증후군(고열|간대성근경련|정신상태변화등),1
D000139,SelegilineHydrochloride,셀레길린염산염,D000650,Sumatriptan,수마트립탄,동맥고혈압|관상동맥수축,1
D000139,SelegilineHydrochloride,셀레길린염산염,D000773,Tramadol,트라마돌,세로토닌작용에의한증후군(중추흥분|설사|빈맥|땀|진전|혼동|혼수등)야기,1
D000139,SelegilineHydrochloride,셀레길린염산염,D001724,Valbenazine,발베나진,-모노아민신경전달물질의증가로인한세로토닌증후군위험증가,1
D000139,SelegilineHydrochloride,셀레길린염산염,D000638,Venlafaxine,벤라팍신,세로토닌성증후군(고혈압|고열|간대성근경련|정신상태변화등),1
D000139,SelegilineHydrochloride,셀레길린염산염,D000171,Zolmitriptan,졸미트립탄,-동맥고혈압|관상동맥수축의위험이있음,1
D000336,Sertraline,설트랄린,D000429,Moclobemide,모클로베미드,세로토닌성증후군(고혈압|고열|간대성근경련|정신상태변화등),1
D000141,Sibutramine,시부트라민,D000505,Diethylpropion,디에틸프로피온,세로토닌증후군(간대성근경련|진전|편무도병|조화운동불능|말더듬증고열|정신상태변화등),1
D000141,Sibutramine,시부트라민,D000714,Mazindol,마진돌,세로토닌증후군(간대성근경련|진전|편무도병|조화운동불능|말더듬증고열|정신상태변화등),1
D000141,Sibutramine,시부트라민,D000701,Phendimetrazinetartrate,펜디메트라진타르타르산염,세로토닌증후군(간대성근경련|진전|편무도병|조화운동불능|말더듬증고열|정신상태변화등)？,1
D000141,Sibutramine,시부트라민,D000795,Phentermine,펜터민,세로토닌증후군(간대성근경련|진전|편무도병|조화운동불능|말더듬증고열|정신상태변화등),1
D000246,Sildenafil,실데나필,D000673,Cobicistat,코비시스타트,Sildenafil혈중농도증가|병용투여할경우에는Sildenafil의투여용량이25mg을초과하지않도록하며|48시간내재투여금지,1
D000246,Sildenafil,실데나필,D000530,Molsidomine,몰시도민,혈압강하작용증강,1
D000246,Sildenafil,실데나필,D000498,Nicorandil,니코란딜,혈관확장작용증가로저혈압효과상승,1
D000246,Sildenafil,실데나필,D000787,Nitroprusside,니트로푸루시드,혈압강하작용증가,1
D000246,Sildenafil,실데나필,D000569,Udenafil,유데나필,동일계열병용투여금기,1
D000246,Sildenafil,실데나필,D000434,Vardenafil,바데나필,동일계열병용투여금기,1
D000246,Sildenafil,실데나필,D001723,isosorbidedinitrate,이소소르비드이질산염,혈관확장작용증가로저혈압효과상승,1
D000246,Sildenafil,실데나필,D001722,isosorbidemononitrate,이소소르비드일질산염,혈관확장작용증가로저혈압효과상승,1
D000342,Silodosin,실로도신,D001650,Nirmatrelvir,니르마트렐비르,-기립성저혈압의가능성,1
D000027,Simvastatin,심바스타틴,D000256,Erythromycin,에리트로마이신,근병증|횡문근융해의위험증가,1
D000027,Simvastatin,심바스타틴,D000619,FusidicAcid,푸시딘산,근병증의위험증가가능,1
D000027,Simvastatin,심바스타틴,D000763,Indinavir,인디나빌,횡문근융해증을비롯한근육질환등중증이상반응,1
D001082,Sirolimus,시롤리무스,D001606,Brigatinib,브리가티닙,-Brigatinib에의해Cyclosporine의유효성이감소될수있음,1
D001082,Sirolimus,시롤리무스,D001697,Lorlatinib,롤라티닙,Sirolimus의혈중농도가감소될수있음.,1
D001082,Sirolimus,시롤리무스,D001650,Nirmatrelvir,니르마트렐비르,-Sirolimus의혈중농도를증가시킬수있음,1
D000022,Sotalol,소타롤,D000259,Amiodarone,아미오다론,심실부정맥(Torsadedepointes)위험증가,1
D000022,Sotalol,소타롤,D000201,Dronedarone,드로네다론,QT간격을연장시키고염전성심실빈맥발생위험을높일수있음,1
D000022,Sotalol,소타롤,D000113,Haloperidol,할로페리돌,QT간격연장위험증가,1
D000022,Sotalol,소타롤,D001562,Ranolazine,라놀라진,-Ranolazine의효과부족이발생될것으로예상됨,1
D000022,Sotalol,소타롤,D001418,Ribociclib,리보시클립,-QT간격연장을유발할수있음,1
D000338,Spiramycin,스피라마이신,D000719,Mizolastine,미졸라스틴,심실운동특히Torsadedepointes에대한위험증가,1
D000447,St.JohnsWort,세인트존스워트,D001701,Acalabrutinib,아칼라브루티닙,-CYP3A유도제와의병용으로Acalabrutinib의혈중농도감소,1
D000447,St.JohnsWort,세인트존스워트,D001419,Bictegravir,빅테그라비르,-Bictegravir의혈중농도감소로인해치료효과소실및내성발현야기가능,1
D000447,St.JohnsWort,세인트존스워트,D001606,Brigatinib,브리가티닙,-Brigatinib의혈장농도를감소시킬수있음,1
D000447,St.JohnsWort,세인트존스워트,D001585,Cabozantinib,카보잔티닙,-Cabozantinib의혈장노출감소,1
D000447,St.JohnsWort,세인트존스워트,D001076,Ceritinib,세리티닙,-Ceritinib의혈장농도감소,1
D000447,St.JohnsWort,세인트존스워트,D000673,Cobicistat,코비시스타트,Cobicistat및Elvitegravir의혈중농도감소로치료효과소실및내성발현가능,1
D000447,St.JohnsWort,세인트존스워트,D001171,Elbasvir,엘바스비르,엘바스비르와그라조프레비르의혈장농도가유의하게감소하여이약의바이러스학적반응감소가능,1
D000447,St.JohnsWort,세인트존스워트,D001743,Finerenone,피네레논,Finerenone혈중농도의현저한감소및치료효과감소가예상됨.,1
D000447,St.JohnsWort,세인트존스워트,D001589,Gilteritinib,길테리티닙,-Gilteritinib의혈장농도감소,1
D000447,St.JohnsWort,세인트존스워트,D001362,Glecaprevir,글레카프레비르,Glecaprevir와Pibrentasvir의혈장농도가유의하게감소하여이약의바이러스학적반응감소가능,1
D000447,St.JohnsWort,세인트존스워트,D001590,Ibrutinib,이브루티닙,-Ibrutinib의혈중농도감소,1
D000447,St.JohnsWort,세인트존스워트,D001612,Isavuconazonium,이사부코나조늄,-Isavuconazonium의혈장농도를유의미하게감소시킬수있음,1
D000447,St.JohnsWort,세인트존스워트,D001711,Ixazomib,익사조밉,-Ixazomib의효과감소,1
D000447,St.JohnsWort,세인트존스워트,D001697,Lorlatinib,롤라티닙,Lorlatinib의혈중농도를감소시킬수있음.,1
D000447,St.JohnsWort,세인트존스워트,D001763,Lurasidone,루라시돈,-Lurasidone의노출을감소시킬수있음,1
D000447,St.JohnsWort,세인트존스워트,D001594,Midostaurin,미도스타우린,-Midostaurin과활성대사체의혈중농도감소,1
D000447,St.JohnsWort,세인트존스워트,D001598,Ponatinib,포나티닙,-Ponatinib의노출감소,1
D000447,St.JohnsWort,세인트존스워트,D001562,Ranolazine,라놀라진,-Ranolazine의효과부족이발생될것으로예상됨,1
D000447,St.JohnsWort,세인트존스워트,D001418,Ribociclib,리보시클립,-강력한CYP3A유도제와의병용투여는Ribociclib의혈장노출을감소시킬수있음,1
D000447,St.JohnsWort,세인트존스워트,D001609,Venetoclax,베네토클락스,-CYP3A유도제와의병용은Venetoclax의노출을감소시켜결과적으로효능부족을초래할수있음,1
D000447,St.JohnsWort,세인트존스워트,D001703,Zanubrutinib,자누브루티닙,-Zanubrutinib의혈중농도를감소시켜유효성을감소시킬수있음,1
D000447,St.JohnsWort,세인트존스워트,D001149,palbociclib,팔보시클립,팔보시클립의혈장농도감소,1
D000546,Sulfamethoxazole,설파메톡사졸,D000716,Methotrexate,메토트렉세이트,신세뇨관에서methotrexate배설이지연되어methotrexate의혈액학적독성증가,1
D000650,Sumatriptan,수마트립탄,D000745,Almotriptan,알모트립탄,상가적인혈관수축반응|혈압상승,1
D000279,Tacrolimus,타크로리무스,D001606,Brigatinib,브리가티닙,-Brigatinib에의해Cyclosporine의유효성이감소될수있음,1
D000279,Tacrolimus,타크로리무스,D000334,Cyclosporine,사이클로스포린,신독성증가,1
D000279,Tacrolimus,타크로리무스,D001755,Filgotinib,필고티닙,면역억제효과증가,1
D000279,Tacrolimus,타크로리무스,D001697,Lorlatinib,롤라티닙,Tacrolimus의혈중농도가감소될수있음.,1
D000279,Tacrolimus,타크로리무스,D001650,Nirmatrelvir,니르마트렐비르,-Tacrolimus의혈중농도를증가시킬수있음-중대한이상반응초래할수있음,1
D000279,Tacrolimus,타크로리무스,D000731,Spironolactone,스피로노락톤,고칼륨혈증,1
D000279,Tacrolimus,타크로리무스,D001003,Tofacitinib,토파시티닙,면역억제효과증가,1
D000181,Tadalafil,타다라필,D000673,Cobicistat,코비시스타트,Tadalafil혈중농도증가|병용투여할경우에는Tadalafil의투여용량이10mg을초과하지않도록하며|72시간내재투여금지,1
D000181,Tadalafil,타다라필,D000530,Molsidomine,몰시도민,혈압강하작용증가,1
D000181,Tadalafil,타다라필,D000498,Nicorandil,니코란딜,혈압강하작용증강,1
D000181,Tadalafil,타다라필,D001650,Nirmatrelvir,니르마트렐비르,-Tadalafil의혈중농도를증가시킬수있음,1
D000181,Tadalafil,타다라필,D000215,Nitroglycerin,니트로글리세린,혈압강하작용증가,1
D000181,Tadalafil,타다라필,D000787,Nitroprusside,니트로푸루시드,혈압강하작용증가,1
D000181,Tadalafil,타다라필,D000246,Sildenafil,실데나필,동일계열병용투여금기,1
D000181,Tadalafil,타다라필,D000569,Udenafil,유데나필,동일계열병용투여금기,1
D000181,Tadalafil,타다라필,D000434,Vardenafil,바데나필,동일계열병용투여금기,1
D000181,Tadalafil,타다라필,D001723,isosorbidedinitrate,이소소르비드이질산염,혈압강하작용증가,1
D000181,Tadalafil,타다라필,D001722,isosorbidemononitrate,이소소르비드일질산염,혈압강하작용증가,1
D001032,Tamsulosin,탐스로신,D001650,Nirmatrelvir,니르마트렐비르,-Tamsulosin의혈중농도를증가시킬수있음,1
D001016,Tapentadol,타펜타돌,D001604,Safinamide,사피나미드,-노르에피네프린수치에대한잠재적부가효과로인해심혈관계부작용이유발될수있음,1
D001347,Tenecteplase,테넥테플라제,D001561,Defibrotide,데피브로타이드,출혈위험증가,1
D000060,Tenoxicam,테녹시캄,D000274,Ketorolac,케토롤락,중증의위장관계이상반응,1
D000060,Tenoxicam,테녹시캄,D000716,Methotrexate,메토트렉세이트,혈액학적독성,1
D000521,TerbutalineSulfate,테르부탈린황산염,D000560,Epinephrine,에피네프린,부정맥또는심정지유도,1
D000064,Tetracycline,테트라사이클린,D000820,Alitretinoin,알리트레티노인,-양성두개내압상승(가성뇌종양)보고,1
D000064,Tetracycline,테트라사이클린,D000758,Isotretinoin,이소트레티노인,테트라사이클린가성뇌종양보고,1
D000064,Tetracycline,테트라사이클린,D000488,Tretinoin,트레티노인,두개내고혈압,1
D000385,Ticagrelor,티카그렐러,D000762,Itraconazole,이트라코나졸,티카그렐러는이트라코나졸에의해혈장농도가증가가능,1
D000385,Ticagrelor,티카그렐러,D001650,Nirmatrelvir,니르마트렐비르,-Ticagrelor의혈중농도를증가시킬수있음,1
D000182,Tigecycline,타이제사이클린,D000820,Alitretinoin,알리트레티노인,-양성두개내압상승(가성뇌종양)보고,1
D000182,Tigecycline,타이제사이클린,D000758,Isotretinoin,이소트레티노인,-가성뇌종양보고,1
D000182,Tigecycline,타이제사이클린,D000488,Tretinoin,트레티노인,-뇌내압상승위험,1
D000187,Tizanidine,티자니딘,D000800,Fluvoxamine,플루복사민,장기화된저혈압|졸음|현기증및정신운동능력감소,1
D000487,Tolvaptan,톨밥탄,D000763,Indinavir,인디나빌,톨밥탄의혈중농도증가,1
D000487,Tolvaptan,톨밥탄,D001650,Nirmatrelvir,니르마트렐비르,-탈수|저혈량증및고칼륨혈증의가능성,1
D000065,Topiramate,토피라메이트,D000249,Acetazolamide,아세타졸아미드,신결석,1
D000773,Tramadol,트라마돌,D001604,Safinamide,사피나미드,-중추신경계|호흡기|심혈관기능에대해생명을위협하는약물상호작용이관찰됨-세로토닌증후군이보고됨,1
D000590,TranexamicAcid,트라넥삼산,D000777,Thrombin,트롬빈,혈전형성,1
D000488,Tretinoin,트레티노인,D000820,Alitretinoin,알리트레티노인,-비타민A과다증,1
D000488,Tretinoin,트레티노인,D000503,Doxycycline,독시사이클린,두개내고혈압,1
D000488,Tretinoin,트레티노인,D000758,Isotretinoin,이소트레티노인,비타민A과잉증,1
D000488,Tretinoin,트레티노인,D000754,Oxytetracycline,옥시테트라사이클린,두개내고혈압,1
D000592,Triazolam,트리아졸람,D000673,Cobicistat,코비시스타트,Triazolam혈중농도증가|진정또는호흡억제의연장또는증가,1
D000592,Triazolam,트리아졸람,D000762,Itraconazole,이트라코나졸,triazolam의약리학적효과및작용(수면유도및진정작용등의중추신경억제효과)증가,1
D000592,Triazolam,트리아졸람,D000769,Ketoconazole,케토코나졸,triazolam의약리학적효과및작용증가,1
D000592,Triazolam,트리아졸람,D001650,Nirmatrelvir,니르마트렐비르,-과도한진정및호흡억제의가능성,1
D000185,Tulobuterol,툴로부테롤,D000560,Epinephrine,에피네프린,부정맥또는심정지,1
D000569,Udenafil,유데나필,D000787,Nitroprusside,니트로푸루시드,혈압강하작용증가,1
D000569,Udenafil,유데나필,D001723,isosorbidedinitrate,이소소르비드이질산염,혈압강하작용증가,1
D000569,Udenafil,유데나필,D001722,isosorbidemononitrate,이소소르비드일질산염,혈압강하작용증가,1
D001724,Valbenazine,발베나진,D001725,Deutetrabenazine,듀테트라베나진,두약제는동일계열,1
D000434,Vardenafil,바데나필,D000530,Molsidomine,몰시도민,혈압강하작용증가,1
D000434,Vardenafil,바데나필,D000498,Nicorandil,니코란딜,혈압강하작용증강,1
D000434,Vardenafil,바데나필,D000787,Nitroprusside,니트로푸루시드,혈압강하작용증가,1
D000434,Vardenafil,바데나필,D000569,Udenafil,유데나필,동일계열병용투여금기,1
D000434,Vardenafil,바데나필,D001723,isosorbidedinitrate,이소소르비드이질산염,혈압강하작용증가,1
D000434,Vardenafil,바데나필,D001722,isosorbidemononitrate,이소소르비드일질산염,혈압강하작용증가,1
D000329,Verapamil,베라파밀,D001699,Neratinib,네라티닙,-중등도CYP3A4/P-gp억제제와의병용으로Neratinib의혈중농도증가,1
D000443,Voriconazole,보리코나졸,D001701,Acalabrutinib,아칼라브루티닙,-강력한CYP3A/P-gp억제제와의병용으로Acalabrutinib의혈중농도증가,1
D000443,Voriconazole,보리코나졸,D000476,Carbamazepine,카르바마제핀,혈중농도가저하되어보리코나졸의약물효과감소,1
D000443,Voriconazole,보리코나졸,D000558,Efavirenz,에파비렌즈,현저하게voriconazole혈장농도감소|efavirenz혈장농도증가,1
D000443,Voriconazole,보리코나졸,D000747,Ergotamine,에르고타민,맥각독성(말초혈관경련|사지와기타조직의허혈|감각이상등)위험증가,1
D000443,Voriconazole,보리코나졸,D000571,Ivabradine,이바브라딘,-QTc연장과매우드물게torsadedepointes가능,1
D000443,Voriconazole,보리코나졸,D001763,Lurasidone,루라시돈,-Lurasidone의노출을증가시킬수있음,1
D000443,Voriconazole,보리코나졸,D001650,Nirmatrelvir,니르마트렐비르,-Voriconazole의혈중농도를감소시킬수있음,1
D000443,Voriconazole,보리코나졸,D001562,Ranolazine,라놀라진,-Ranolazine의효과부족이발생될것으로예상됨,1
D000443,Voriconazole,보리코나졸,D001081,Rifabutin,리파부틴,Rifabutin의혈중농도증가|Voriconazole의농도감소,1
D000443,Voriconazole,보리코나졸,D000712,Ritonavir,리토나비르,-Voriconazole의혈장농도를감소시켜항진균효과를상실시킬수있음,1
D000443,Voriconazole,보리코나졸,D001082,Sirolimus,시롤리무스,Sirolimus의농도증가,1
D000443,Voriconazole,보리코나졸,D000447,St.JohnsWort,세인트존스워트,Voriconazole의농도감소,1
D000443,Voriconazole,보리코나졸,D000487,Tolvaptan,톨밥탄,-Tolvaptan의혈장농도증가가능,1
D000443,Voriconazole,보리코나졸,D001609,Venetoclax,베네토클락스,-Venetoclax의혈장농도및종양용해증후군위험증가가능,1
D000443,Voriconazole,보리코나졸,D001149,palbociclib,팔보시클립,팔보시클립의혈장농도증가,1
D000173,Ziprasidone,지프라시돈,D000201,Dronedarone,드로네다론,QT간격연장,1
D000173,Ziprasidone,지프라시돈,D000719,Mizolastine,미졸라스틴,QT간격연장,1
D000173,Ziprasidone,지프라시돈,D000213,Pimozide,피모짓,QT간격연장,1
D000171,Zolmitriptan,졸미트립탄,D000745,Almotriptan,알모트립탄,상가적인혈관수축반응|혈압상승,1
D000171,Zolmitriptan,졸미트립탄,D000202,Dihydroergotamine,디히드로에르고타민,상가적인혈관수축반응|현저한혈압상승,1
D000171,Zolmitriptan,졸미트립탄,D000747,Ergotamine,에르고타민,약리적상가작용에의해|혈압상승및맥각중독(에르고티즘)(말초혈관수축증가)의위험성을증가,1
D000171,Zolmitriptan,졸미트립탄,D000228,Methylergometrine,메틸에르고메트린,상가적인혈관수축반응|현저한혈압상승,1
D000171,Zolmitriptan,졸미트립탄,D000287,Naratriptan,나라트립탄,상가적인혈관수축반응|현저한혈압상승,1
D000171,Zolmitriptan,졸미트립탄,D000650,Sumatriptan,수마트립탄,상가적인혈관수축반응|현저한혈압상승,1
